{"1a":{"top":[["Tistlia",0.000702]],"more":0},"1b":{"top":[["Nitrosotalea",0.488015],["Nitrosarchaeum",0.167475],["Nitrosopumilus",0.020092],["Nitrospira",0.011918],["Sulfurimicrobium",0.004547],["Nitrososphaera",0.003544],["Iamia",0.000903],["Rhodoplanes",0.000585]],"more":1},"1c":{"top":[["Nitrosarchaeum",0.167475],["Sulfurimicrobium",0.004547],["Pelovirga",0.004196],["Undibacter",0.003861],["Steroidobacter",0.003026],["Azoarcus",0.002089],["Caminibacter",0.002039],["Halomonas",0.001354]],"more":14},"1d":{"top":[["Nitrosopumilus",0.020092],["Glaciimonas",0.010949],["Pseudoclavibacter",0.007104],["Devosia",0.003159],["Streptomyces",0.002875],["Proteus",0.002089],["Chthonomonas",0.002039],["Flavobacterium",0.002023]],"more":9},"2":{"top":[["Sapientia",0.049545],["Vicinamibacter",0.039633],["Nitrospira",0.011918],["Glaciimonas",0.010949],["Gemmatimonas",0.009812],["Gaiella",0.007171],["Pseudoclavibacter",0.007104],["Deinococcus",0.00692]],"more":118},"3a":{"top":[["Nitrosotalea",0.488015],["Nitrosarchaeum",0.167475],["Sapientia",0.049545],["Chlorobaculum",0.038831],["Nitrosopumilus",0.020092],["Glaciimonas",0.010949],["Gemmatimonas",0.009812],["Gaiella",0.007171]],"more":116},"3b":{"top":[["Sapientia",0.049545],["Gemmatimonas",0.009812],["Deinococcus",0.00692],["Oxobacter",0.005466],["Devosia",0.003159],["Steroidobacter",0.003026],["Streptomyces",0.002875],["Egicoccus",0.002257]],"more":50},"3c":{"top":[["Streptomyces",0.002875],["Halomonas",0.001354],["Herbaspirillum",0.001304],["Methylococcus",0.000568],["Cupriavidus",0.000435],["Methyloferula",0.000435],["Pelomicrobium",0.000267],["Methyloglobulus",0.000201]],"more":1},"3d":{"top":[["Sapientia",0.049545],["Nitrospira",0.011918],["Glaciimonas",0.010949],["Gemmatimonas",0.009812],["Gaiella",0.007171],["Pseudoclavibacter",0.007104],["Deinococcus",0.00692],["Reinekea",0.006235]],"more":104},"4":{"top":[["Chlorobaculum",0.038831],["Oxobacter",0.005466],["Sulfurimicrobium",0.004547],["Pelovirga",0.004196],["Hypericibacter",0.002942],["Caldimicrobium",0.002307],["Proteus",0.002089],["Sulfuricaulis",0.001187]],"more":26},"5":{"top":[["Methylobacterium",0.000267]],"more":0},"6":{"top":[["Pelomicrobium",0.000267]],"more":0},"7":{"top":[["Sapientia",0.049545],["Vicinamibacter",0.039633],["Chlorobaculum",0.038831],["Glaciimonas",0.010949],["Gemmatimonas",0.009812],["Deinococcus",0.00692],["Reinekea",0.006235],["Rhodoligotrophos",0.004831]],"more":72},"8":{"top":[["Streptomyces",0.002875],["Herbaspirillum",0.001304]],"more":0},"9":{"top":[["Nitrosarchaeum",0.167475],["Chlorobaculum",0.038831],["Nitrosopumilus",0.020092],["Ectothiorhodosinus",0.001371],["Methylorubrum",0.000719],["Methylobacterium",0.000267],["Halorhodospira",0.000234],["Nostoc",0.000217]],"more":1},"10":{"top":[["Nitrosotalea",0.488015],["Nitrosarchaeum",0.167475],["Sapientia",0.049545],["Nitrosopumilus",0.020092],["Nitrospira",0.011918],["Gemmatimonas",0.009812],["Gaiella",0.007171],["Deinococcus",0.00692]],"more":101},"12":{"top":[],"more":0}}