{"1a":{"top":[["Bradyrhizobium",0.006071],["Shumkonia",0.003473],["Dickeya",0.000357],["Roseiarcus",0.000136]],"more":0},"1b":{"top":[["Nitrososphaera",0.050555],["Bradyrhizobium",0.006071],["Rhodoplanes",0.004933],["Shumkonia",0.003473],["Nitrospira",0.002055],["Lacipirellula",0.001554],["Nitrosococcus",0.001325],["Iamia",0.001282]],"more":2},"1c":{"top":[["Skermanella",0.012269],["Nitrobacter",0.007209],["Mesobacillus",0.00647],["Bradyrhizobium",0.006071],["Cellulomonas",0.005443],["Terricaulis",0.003974],["Shumkonia",0.003473],["Caldimonas",0.003244]],"more":70},"1d":{"top":[["Streptomyces",0.045537],["Sphingomonas",0.025439],["Paractinoplanes",0.010979],["Devosia",0.007362],["Pseudarthrobacter",0.007141],["Paenibacillus",0.00653],["Glaciimonas",0.005069],["Kineosporia",0.004899]],"more":50},"2":{"top":[["Streptomyces",0.045537],["Gemmatimonas",0.031145],["Sphingomonas",0.025439],["Nocardioides",0.015963],["Nitrolancea",0.015903],["Luteitalea",0.014952],["Gaiella",0.014307],["Tepidisphaera",0.013772]],"more":478},"3a":{"top":[["Nitrososphaera",0.050555],["Streptomyces",0.045537],["Gemmatimonas",0.031145],["Sphingomonas",0.025439],["Nocardioides",0.015963],["Luteitalea",0.014952],["Gaiella",0.014307],["Telluria",0.012872]],"more":435},"3b":{"top":[["Streptomyces",0.045537],["Gemmatimonas",0.031145],["Sphingomonas",0.025439],["Nocardioides",0.015963],["Nitrolancea",0.015903],["Luteitalea",0.014952],["Telluria",0.012872],["Chthoniobacter",0.01165]],"more":272},"3c":{"top":[["Streptomyces",0.045537],["Kribbella",0.005867],["Pseudoalteromonas",0.00281],["Alcanivorax",0.00056],["Cupriavidus",0.000518],["Rhodococcus",0.000467],["Acinetobacter",0.000331],["Polycyclovorans",0.000314]],"more":5},"3d":{"top":[["Streptomyces",0.045537],["Gemmatimonas",0.031145],["Sphingomonas",0.025439],["Nocardioides",0.015963],["Luteitalea",0.014952],["Gaiella",0.014307],["Telluria",0.012872],["Paraconexibacter",0.012439]],"more":427},"4":{"top":[["Kallotenue",0.005995],["Geoanaerobacter",0.005069],["Polyangium",0.004025],["Tautonia",0.003778],["Shumkonia",0.003473],["Paludisphaera",0.003294],["Urbifossiella",0.002963],["Paracidobacterium",0.002445]],"more":45},"5":{"top":[["Methylobacterium",0.004339],["Methylocystis",0.000357]],"more":0},"6":{"top":[["Geoanaerobacter",0.005069],["Ferrimicrobium",0.000611],["Anaeromicrobium",0.000161],["Fervidicella",0.000136]],"more":0},"7":{"top":[["Streptomyces",0.045537],["Gemmatimonas",0.031145],["Sphingomonas",0.025439],["Nocardioides",0.015963],["Nitrolancea",0.015903],["Luteitalea",0.014952],["Telluria",0.012872],["Skermanella",0.012269]],"more":321},"8":{"top":[["Streptomyces",0.045537],["Paenibacillus",0.00653],["Pseudomonas",0.001732],["Nocardiopsis",0.000552]],"more":0},"9":{"top":[["Falsiroseomonas",0.004721],["Methylobacterium",0.004339],["Clostridium",0.000756],["Nostoc",0.000688],["Caldichromatium",0.000594],["Sandaracinobacter",0.000526],["Dankookia",0.000509],["Nodularia",0.000467]],"more":6},"10":{"top":[["Nitrososphaera",0.050555],["Streptomyces",0.045537],["Gemmatimonas",0.031145],["Nocardioides",0.015963],["Nitrolancea",0.015903],["Luteitalea",0.014952],["Gaiella",0.014307],["Telluria",0.012872]],"more":379},"12":{"top":[["Skermanella",0.012269],["Microbacterium",0.008092],["Paenibacillus",0.00653],["Roseateles",0.00332],["Flexivirga",0.000433],["Staphylococcus",9.3e-05]],"more":0}}