{"1a":{"top":[["Bradyrhizobium",0.005066],["Shumkonia",0.000259]],"more":0},"1b":{"top":[["Nitrososphaera",0.027304],["Bradyrhizobium",0.005066],["Rhodoplanes",0.002994],["Nitrospira",0.002153],["Iamia",0.001602],["Lacipirellula",0.001457],["Nitrosococcus",0.001214],["Shumkonia",0.000259]],"more":0},"1c":{"top":[["Skermanella",0.01612],["Mesobacillus",0.007672],["Cellulomonas",0.007008],["Bradyrhizobium",0.005066],["Nitrobacter",0.004516],["Terribium",0.003108],["Caldimonas",0.003059],["Streptosporangium",0.00301]],"more":41},"1d":{"top":[["Streptomyces",0.058363],["Sphingomonas",0.031949],["Pseudarthrobacter",0.014502],["Paractinoplanes",0.011119],["Devosia",0.009209],["Paenibacillus",0.008546],["Amycolatopsis",0.005487],["Methylobacterium",0.005228]],"more":36},"2":{"top":[["Streptomyces",0.058363],["Sphingomonas",0.031949],["Gemmatimonas",0.024698],["Nocardioides",0.024439],["Nitrolancea",0.018208],["Gaiella",0.017415],["Telluria",0.017237],["Microvirga",0.017188]],"more":342},"3a":{"top":[["Streptomyces",0.058363],["Sphingomonas",0.031949],["Nitrososphaera",0.027304],["Gemmatimonas",0.024698],["Nocardioides",0.024439],["Gaiella",0.017415],["Telluria",0.017237],["Microvirga",0.017188]],"more":315},"3b":{"top":[["Streptomyces",0.058363],["Sphingomonas",0.031949],["Gemmatimonas",0.024698],["Nocardioides",0.024439],["Nitrolancea",0.018208],["Telluria",0.017237],["Luteitalea",0.014534],["Pseudarthrobacter",0.014502]],"more":202},"3c":{"top":[["Streptomyces",0.058363],["Kribbella",0.005827],["Pseudoalteromonas",0.002541],["Rhodococcoides",0.001036],["Rhodococcus",0.000923],["Alcanivorax",0.000631],["Polycyclovorans",0.000356],["Cupriavidus",0.000243]],"more":0},"3d":{"top":[["Streptomyces",0.058363],["Sphingomonas",0.031949],["Gemmatimonas",0.024698],["Nocardioides",0.024439],["Gaiella",0.017415],["Telluria",0.017237],["Microvirga",0.017188],["Skermanella",0.01612]],"more":305},"4":{"top":[["Kallotenue",0.005632],["Paracidobacterium",0.003286],["Tautonia",0.00314],["Geoanaerobacter",0.002881],["Urbifossiella",0.002379],["Polyangium",0.002379],["Sulfuritortus",0.001861],["Lignipirellula",0.001699]],"more":30},"5":{"top":[["Methylobacterium",0.005228],["Methylocystis",0.000259]],"more":0},"6":{"top":[["Geoanaerobacter",0.002881],["Ferrimicrobium",0.000712],["Anaeromicrobium",0.000194]],"more":0},"7":{"top":[["Streptomyces",0.058363],["Sphingomonas",0.031949],["Gemmatimonas",0.024698],["Nocardioides",0.024439],["Nitrolancea",0.018208],["Telluria",0.017237],["Microvirga",0.017188],["Parviterribacter",0.016428]],"more":229},"8":{"top":[["Streptomyces",0.058363],["Paenibacillus",0.008546],["Nocardiopsis",0.000583]],"more":0},"9":{"top":[["Falsiroseomonas",0.005729],["Methylobacterium",0.005228],["Caldichromatium",0.001262],["Dankookia",0.000664],["Acanthopleuribacter",0.000469],["Clostridium",0.000421],["Sandaracinobacter",0.000291],["Chloroflexus",0.000275]],"more":0},"10":{"top":[["Streptomyces",0.058363],["Nitrososphaera",0.027304],["Gemmatimonas",0.024698],["Nocardioides",0.024439],["Nitrolancea",0.018208],["Gaiella",0.017415],["Telluria",0.017237],["Parviterribacter",0.016428]],"more":270},"12":{"top":[["Skermanella",0.01612],["Microbacterium",0.01345],["Paenibacillus",0.008546],["Roseateles",0.001262],["Flexivirga",0.000388],["Staphylococcus",0.00034]],"more":0}}