{"1a":{"top":[["Rhodopseudomonas",0.010278],["Bradyrhizobium",0.004054],["Shumkonia",0.000642]],"more":0},"1b":{"top":[["Nitrososphaera",0.061113],["Rhodoplanes",0.005538],["Bradyrhizobium",0.004054],["Nitrospira",0.003012],["Lacipirellula",0.002392],["Nitrosococcus",0.001794],["Iamia",0.001329],["Shumkonia",0.000642]],"more":0},"1c":{"top":[["Skermanella",0.023147],["Mesobacillus",0.008129],["Nitrobacter",0.005715],["Baekduia",0.005383],["Bradyrhizobium",0.004054],["Cellulomonas",0.003101],["Miltoncostaea",0.002437],["Sulfuritortus",0.002304]],"more":35},"1d":{"top":[["Streptomyces",0.065587],["Sphingomonas",0.029106],["Paenibacillus",0.012382],["Pseudarthrobacter",0.00979],["Paractinoplanes",0.008151],["Rhizobium",0.006379],["Glaciimonas",0.004784],["Devosia",0.004563]],"more":22},"2":{"top":[["Streptomyces",0.065587],["Gemmatimonas",0.033248],["Sphingomonas",0.029106],["Skermanella",0.023147],["Gaiella",0.021729],["Tepidisphaera",0.021065],["Microvirga",0.018185],["Nocardioides",0.016613]],"more":300},"3a":{"top":[["Streptomyces",0.065587],["Nitrososphaera",0.061113],["Gemmatimonas",0.033248],["Sphingomonas",0.029106],["Skermanella",0.023147],["Gaiella",0.021729],["Microvirga",0.018185],["Nocardioides",0.016613]],"more":268},"3b":{"top":[["Streptomyces",0.065587],["Gemmatimonas",0.033248],["Sphingomonas",0.029106],["Nocardioides",0.016613],["Nitrolancea",0.014974],["Paenibacillus",0.012382],["Luteitalea",0.01174],["Actinoplanes",0.01123]],"more":169},"3c":{"top":[["Streptomyces",0.065587],["Kribbella",0.00494],["Pseudoalteromonas",0.003012],["Polycyclovorans",0.000576],["Alcanivorax",0.000576],["Cupriavidus",0.000332],["Vreelandella",0.000244]],"more":0},"3d":{"top":[["Streptomyces",0.065587],["Gemmatimonas",0.033248],["Sphingomonas",0.029106],["Skermanella",0.023147],["Gaiella",0.021729],["Microvirga",0.018185],["Nocardioides",0.016613],["Paraconexibacter",0.014132]],"more":267},"4":{"top":[["Tautonia",0.006933],["Kallotenue",0.005006],["Aquisphaera",0.00319],["Urbifossiella",0.002636],["Lignipirellula",0.002525],["Geoanaerobacter",0.002414],["Lacipirellula",0.002392],["Sulfuritortus",0.002304]],"more":27},"5":{"top":[["Methylobacterium",0.003832],["Lichenicoccus",0.002902],["Methylophilus",0.000775],["Methylocystis",0.000421]],"more":0},"6":{"top":[["Geoanaerobacter",0.002414],["Ferrimicrobium",0.000642]],"more":0},"7":{"top":[["Streptomyces",0.065587],["Gemmatimonas",0.033248],["Sphingomonas",0.029106],["Skermanella",0.023147],["Microvirga",0.018185],["Nocardioides",0.016613],["Nitrolancea",0.014974],["Paenibacillus",0.012382]],"more":194},"8":{"top":[["Streptomyces",0.065587],["Paenibacillus",0.012382],["Nocardiopsis",0.000354]],"more":0},"9":{"top":[["Rhodopseudomonas",0.010278],["Methylobacterium",0.003832],["Lichenicoccus",0.002902],["Falsiroseomonas",0.002104],["Nostoc",0.001484],["Caldichromatium",0.000997],["Clostridium",0.00093],["Dankookia",0.000797]],"more":2},"10":{"top":[["Streptomyces",0.065587],["Nitrososphaera",0.061113],["Gemmatimonas",0.033248],["Skermanella",0.023147],["Gaiella",0.021729],["Nocardioides",0.016613],["Nitrolancea",0.014974],["Paenibacillus",0.012382]],"more":232},"12":{"top":[["Skermanella",0.023147],["Paenibacillus",0.012382],["Roseateles",0.005449],["Microbacterium",0.003478],["Flexivirga",0.000288],["Staphylococcus",0.000288]],"more":0}}