{"1a":{"top":[["Shumkonia",0.008784],["Bradyrhizobium",0.006575],["Allocoleopsis",0.00393]],"more":0},"1b":{"top":[["Nitrososphaera",0.033517],["Rhodoplanes",0.019699],["Shumkonia",0.008784],["Bradyrhizobium",0.006575],["Nitrospira",0.002799],["Lacipirellula",0.001926],["Nitrosococcus",0.001541],["Iamia",0.000616]],"more":0},"1c":{"top":[["Mesobacillus",0.012893],["Nitrobacter",0.011609],["Zemynaea",0.009811],["Skermanella",0.009323],["Shumkonia",0.008784],["Bradyrhizobium",0.006575],["Sulfuritortus",0.003878],["Terricaulis",0.003159]],"more":35},"1d":{"top":[["Sphingomonas",0.069422],["Streptomyces",0.020315],["Devosia",0.010915],["Paenibacillus",0.008604],["Glaciimonas",0.007885],["Paractinoplanes",0.007397],["Methylobacterium",0.006472],["Rhizobium",0.005111]],"more":20},"2":{"top":[["Sphingomonas",0.069422],["Gemmatimonas",0.051264],["Luteitalea",0.021009],["Streptomyces",0.020315],["Tepidisphaera",0.019725],["Rhodoplanes",0.019699],["Gaiella",0.015384],["Mesobacillus",0.012893]],"more":294},"3a":{"top":[["Sphingomonas",0.069422],["Gemmatimonas",0.051264],["Nitrososphaera",0.033517],["Luteitalea",0.021009],["Streptomyces",0.020315],["Rhodoplanes",0.019699],["Gaiella",0.015384],["Mesobacillus",0.012893]],"more":267},"3b":{"top":[["Sphingomonas",0.069422],["Gemmatimonas",0.051264],["Luteitalea",0.021009],["Streptomyces",0.020315],["Mesobacillus",0.012893],["Micromonospora",0.011557],["Pseudoxanthomonas",0.011326],["Devosia",0.010915]],"more":166},"3c":{"top":[["Streptomyces",0.020315],["Pseudoalteromonas",0.003801],["Kribbella",0.001515],["Cupriavidus",0.000719],["Alcanivorax",0.000411],["Vreelandella",0.000308]],"more":0},"3d":{"top":[["Sphingomonas",0.069422],["Gemmatimonas",0.051264],["Luteitalea",0.021009],["Streptomyces",0.020315],["Rhodoplanes",0.019699],["Gaiella",0.015384],["Nitrobacter",0.011609],["Micromonospora",0.011557]],"more":263},"4":{"top":[["Geoanaerobacter",0.010633],["Kallotenue",0.009015],["Shumkonia",0.008784],["Paracidobacterium",0.005573],["Tautonia",0.004623],["Oscillochloris",0.004366],["Allocoleopsis",0.00393],["Sulfuritortus",0.003878]],"more":32},"5":{"top":[["Methylobacterium",0.006472],["Lichenicoccus",0.001644]],"more":0},"6":{"top":[["Geoanaerobacter",0.010633],["Ferrimicrobium",0.000462],["Leptospirillum",0.000411]],"more":0},"7":{"top":[["Sphingomonas",0.069422],["Gemmatimonas",0.051264],["Luteitalea",0.021009],["Streptomyces",0.020315],["Rhodoplanes",0.019699],["Mesobacillus",0.012893],["Nitrobacter",0.011609],["Micromonospora",0.011557]],"more":189},"8":{"top":[["Streptomyces",0.020315],["Paenibacillus",0.008604]],"more":0},"9":{"top":[["Methylobacterium",0.006472],["Falsiroseomonas",0.006344],["Allocoleopsis",0.00393],["Nodosilinea",0.00208],["Okeania",0.001875],["Lichenicoccus",0.001644],["Nostoc",0.001156],["Fischerella",0.000668]],"more":6},"10":{"top":[["Gemmatimonas",0.051264],["Nitrososphaera",0.033517],["Luteitalea",0.021009],["Streptomyces",0.020315],["Rhodoplanes",0.019699],["Gaiella",0.015384],["Mesobacillus",0.012893],["Nitrobacter",0.011609]],"more":224},"12":{"top":[["Skermanella",0.009323],["Paenibacillus",0.008604],["Microbacterium",0.001772]],"more":0}}