{"1a":{"top":[["Roseiarcus",0.000293],["Shumkonia",0.000271]],"more":0},"1b":{"top":[["Nitrososphaera",0.092962],["Nitrospira",0.015419],["Rhodoplanes",0.00559],["Nitrosococcus",0.005252],["Nitrosomonas",0.004396],["Lacipirellula",0.002006],["Iamia",0.001014],["Shumkonia",0.000271]],"more":0},"1c":{"top":[["Bacillus",0.015779],["Pseudomarimonas",0.00967],["Mesobacillus",0.007416],["Caldichromatium",0.007168],["Skermanella",0.006379],["Marimonas",0.003539],["Cellulomonas",0.003336],["Ferrigenium",0.003269]],"more":40},"1d":{"top":[["Streptomyces",0.030815],["Sphingomonas",0.028831],["Bacillus",0.015779],["Pseudarthrobacter",0.012105],["Paenibacillus",0.011226],["Proteus",0.008746],["Devosia",0.006357],["Glaciimonas",0.005613]],"more":27},"2":{"top":[["Rubrobacter",0.044588],["Streptomyces",0.030815],["Sphingomonas",0.028831],["Luteitalea",0.026216],["Gaiella",0.022677],["Vicinamibacter",0.021392],["Microvirga",0.021302],["Brevitalea",0.019747]],"more":305},"3a":{"top":[["Nitrososphaera",0.092962],["Rubrobacter",0.044588],["Streptomyces",0.030815],["Sphingomonas",0.028831],["Luteitalea",0.026216],["Gaiella",0.022677],["Microvirga",0.021302],["Gemmatimonas",0.01765]],"more":285},"3b":{"top":[["Rubrobacter",0.044588],["Streptomyces",0.030815],["Sphingomonas",0.028831],["Luteitalea",0.026216],["Gemmatimonas",0.01765],["Bacillus",0.015779],["Chthoniobacter",0.01233],["Pseudarthrobacter",0.012105]],"more":179},"3c":{"top":[["Streptomyces",0.030815],["Pseudoalteromonas",0.004869],["Acinetobacter",0.002344],["Immundisolibacter",0.000721],["Methylococcus",0.000496],["Rhodococcoides",0.000496]],"more":0},"3d":{"top":[["Rubrobacter",0.044588],["Streptomyces",0.030815],["Sphingomonas",0.028831],["Luteitalea",0.026216],["Gaiella",0.022677],["Microvirga",0.021302],["Gemmatimonas",0.01765],["Bacillus",0.015779]],"more":275},"4":{"top":[["Proteus",0.008746],["Kallotenue",0.006965],["Fundidesulfovibrio",0.00674],["Lignipirellula",0.004824],["Tenuibacillus",0.002254],["Limnoglobus",0.002209],["Thiobacillus",0.002187],["Sulfuritortus",0.002187]],"more":29},"5":{"top":[["Methylobacterium",0.002254]],"more":0},"6":{"top":[["Leptospirillum",0.000316],["Ferrimicrobium",0.000271]],"more":0},"7":{"top":[["Streptomyces",0.030815],["Sphingomonas",0.028831],["Luteitalea",0.026216],["Vicinamibacter",0.021392],["Microvirga",0.021302],["Brevitalea",0.019747],["Gemmatimonas",0.01765],["Bacillus",0.015779]],"more":200},"8":{"top":[["Streptomyces",0.030815],["Paenibacillus",0.011226],["Nocardiopsis",0.002344]],"more":0},"9":{"top":[["Caldichromatium",0.007168],["Methylobacterium",0.002254],["Falsiroseomonas",0.000902],["Halorhodospira",0.000451],["Acanthopleuribacter",0.000451],["Chloroflexus",0.000316],["Roseiarcus",0.000293],["Roseospirillum",0.000225]],"more":0},"10":{"top":[["Nitrososphaera",0.092962],["Rubrobacter",0.044588],["Streptomyces",0.030815],["Luteitalea",0.026216],["Gaiella",0.022677],["Gemmatimonas",0.01765],["Bacillus",0.015779],["Nitrospira",0.015419]],"more":243},"12":{"top":[["Paenibacillus",0.011226],["Skermanella",0.006379],["Microbacterium",0.001059],["Staphylococcus",0.000609]],"more":0}}