{"1a":{"top":[["Rhodopseudomonas",0.022401],["Roseiarcus",0.002378],["Bradyrhizobium",0.002041],["Acidisoma",0.000972],["Methylocella",0.000402],["Tistlia",0.000225],["Shumkonia",0.000121]],"more":0},"1b":{"top":[["Rhodoplanes",0.021798],["Nitrososphaera",0.018978],["Denitratisoma",0.002893],["Bradyrhizobium",0.002041],["Nitrosotalea",0.001502],["Nitrospira",0.001125],["Nitrosococcus",0.000771],["Nitrosomonas",0.000675]],"more":4},"1c":{"top":[["Enterococcus",0.007946],["Pseudomarimonas",0.007673],["Terribium",0.005777],["Baekduia",0.005038],["Vitreimonas",0.004154],["Bartonella",0.003342],["Edaphosphingomonas",0.003222],["Denitratisoma",0.002893]],"more":68},"1d":{"top":[["Streptomyces",0.034051],["Sphingomonas",0.031769],["Lysobacter",0.006934],["Pseudacidobacterium",0.005946],["Devosia",0.005576],["Reyranella",0.004524],["Actinoallomurus",0.003889],["Paenibacillus",0.003575]],"more":32},"2":{"top":[["Gaiella",0.040664],["Streptomyces",0.034051],["Edaphobacter",0.034043],["Conexibacter",0.032734],["Sphingomonas",0.031769],["Gemmatimonas",0.025784],["Rhodopseudomonas",0.022401],["Rhodoplanes",0.021798]],"more":435},"3a":{"top":[["Gaiella",0.040664],["Streptomyces",0.034051],["Edaphobacter",0.034043],["Conexibacter",0.032734],["Sphingomonas",0.031769],["Gemmatimonas",0.025784],["Rhodopseudomonas",0.022401],["Rhodoplanes",0.021798]],"more":399},"3b":{"top":[["Streptomyces",0.034051],["Conexibacter",0.032734],["Sphingomonas",0.031769],["Gemmatimonas",0.025784],["Chthoniobacter",0.017741],["Puia",0.015483],["Stenotrophobacter",0.010405],["Limisphaera",0.010019]],"more":237},"3c":{"top":[["Streptomyces",0.034051],["Pseudoalteromonas",0.002925],["Kribbella",0.002041],["Hydrocarboniphaga",0.001414],["Acinetobacter",0.000828],["Cupriavidus",0.000562],["Methylocella",0.000402],["Methylococcus",0.000225]],"more":5},"3d":{"top":[["Gaiella",0.040664],["Streptomyces",0.034051],["Edaphobacter",0.034043],["Conexibacter",0.032734],["Sphingomonas",0.031769],["Gemmatimonas",0.025784],["Rhodopseudomonas",0.022401],["Rhodoplanes",0.021798]],"more":395},"4":{"top":[["Puia",0.015483],["Paracidobacterium",0.009939],["Polyangium",0.005062],["Lignipirellula",0.002153],["Desulfovibrio",0.002089],["Roseimicrobium",0.001993],["Occallatibacter",0.001808],["Dethiosulfatarculus",0.00176]],"more":45},"5":{"top":[["Lichenicoccus",0.001655],["Methylobacterium",0.001607],["Methylophilus",0.001269],["Methylocella",0.000402],["Ruminiclostridium",0.000265],["Methylocystis",0.000185]],"more":0},"6":{"top":[["Biomaibacter",0.00086],["Ferrimicrobium",0.000153]],"more":0},"7":{"top":[["Streptomyces",0.034051],["Conexibacter",0.032734],["Sphingomonas",0.031769],["Gemmatimonas",0.025784],["Rhodopseudomonas",0.022401],["Rhodoplanes",0.021798],["Mycobacterium",0.015997],["Parviterribacter",0.014953]],"more":280},"8":{"top":[["Streptomyces",0.034051],["Pseudomonas",0.012068],["Paenibacillus",0.003575]],"more":0},"9":{"top":[["Rhodopseudomonas",0.022401],["Halochromatium",0.004998],["Falsiroseomonas",0.003455],["Roseiarcus",0.002378],["Lichenicoccus",0.001655],["Methylobacterium",0.001607],["Sandaracinobacter",0.001189],["Sabulicella",0.000482]],"more":6},"10":{"top":[["Gaiella",0.040664],["Streptomyces",0.034051],["Edaphobacter",0.034043],["Conexibacter",0.032734],["Gemmatimonas",0.025784],["Rhodopseudomonas",0.022401],["Rhodoplanes",0.021798],["Nitrososphaera",0.018978]],"more":335},"12":{"top":[["Granulicella",0.006339],["Paenibacillus",0.003575],["Roseateles",0.000546],["Microbacterium",0.00041],["Skermanella",0.000201]],"more":0}}