{"1a":{"top":[["Shumkonia",0.001302]],"more":0},"1b":{"top":[["Nitrososphaera",0.252484],["Nitrospira",0.006705],["Rhodoplanes",0.004969],["Nitrosococcus",0.003906],["Lacipirellula",0.001779],["Shumkonia",0.001302],["Iamia",0.00102],["Nitrosomonas",0.00089]],"more":1},"1c":{"top":[["Caldichromatium",0.013128],["Pseudomarimonas",0.007464],["Mesobacillus",0.007161],["Skermanella",0.005945],["Limnoglobus",0.005012],["Marimonas",0.003276],["Sphingobium",0.003146],["Salinarimonas",0.00256]],"more":20},"1d":{"top":[["Streptomyces",0.019616],["Sphingomonas",0.018986],["Glaciimonas",0.004687],["Methylobacterium",0.003906],["Paenibacillus",0.003841],["Reyranella",0.003754],["Pseudoclavibacter",0.003276],["Azospirillum",0.003103]],"more":14},"2":{"top":[["Luteitalea",0.04867],["Rubrobacter",0.041726],["Vicinamibacter",0.031637],["Brevitalea",0.030855],["Tepidisphaera",0.026168],["Gaiella",0.024194],["Streptomyces",0.019616],["Sphingomonas",0.018986]],"more":219},"3a":{"top":[["Nitrososphaera",0.252484],["Luteitalea",0.04867],["Rubrobacter",0.041726],["Gaiella",0.024194],["Streptomyces",0.019616],["Sphingomonas",0.018986],["Gemmata",0.014321],["Gemmatimonas",0.014321]],"more":199},"3b":{"top":[["Luteitalea",0.04867],["Rubrobacter",0.041726],["Streptomyces",0.019616],["Sphingomonas",0.018986],["Gemmata",0.014321],["Gemmatimonas",0.014321],["Dokdonella",0.013996],["Kallotenue",0.009808]],"more":127},"3c":{"top":[["Streptomyces",0.019616],["Pseudoalteromonas",0.009678],["Acinetobacter",0.000716],["Immundisolibacter",0.000629],["Methylococcus",0.000412]],"more":0},"3d":{"top":[["Luteitalea",0.04867],["Rubrobacter",0.041726],["Gaiella",0.024194],["Streptomyces",0.019616],["Sphingomonas",0.018986],["Gemmata",0.014321],["Gemmatimonas",0.014321],["Dokdonella",0.013996]],"more":200},"4":{"top":[["Kallotenue",0.009808],["Urbifossiella",0.00549],["Limnoglobus",0.005012],["Lignipirellula",0.004817],["Tautonia",0.004058],["Paludisphaera",0.003776],["Fundidesulfovibrio",0.001931],["Polyangium",0.001888]],"more":24},"5":{"top":[["Methylobacterium",0.003906],["Lichenicoccus",0.001562],["Methylocystis",0.000499]],"more":0},"6":{"top":[["Ferrimicrobium",0.000304]],"more":0},"7":{"top":[["Luteitalea",0.04867],["Vicinamibacter",0.031637],["Brevitalea",0.030855],["Streptomyces",0.019616],["Sphingomonas",0.018986],["Gemmatimonas",0.014321],["Dokdonella",0.013996],["Microvirga",0.013909]],"more":133},"8":{"top":[["Streptomyces",0.019616],["Paenibacillus",0.003841],["Nocardiopsis",0.000369]],"more":0},"9":{"top":[["Caldichromatium",0.013128],["Methylobacterium",0.003906],["Lichenicoccus",0.001562],["Falsiroseomonas",0.001193],["Halorhodospira",0.000716],["Chloroflexus",0.000391],["Acanthopleuribacter",0.000369]],"more":0},"10":{"top":[["Nitrososphaera",0.252484],["Luteitalea",0.04867],["Rubrobacter",0.041726],["Gaiella",0.024194],["Streptomyces",0.019616],["Gemmata",0.014321],["Gemmatimonas",0.014321],["Caldichromatium",0.013128]],"more":168},"12":{"top":[["Skermanella",0.005945],["Paenibacillus",0.003841]],"more":0}}