{"1a":{"top":[["Rhodopseudomonas",0.002212],["Marichromatium",0.001748],["Bradyrhizobium",0.001526],["Shumkonia",0.000628],["Roseiarcus",0.000309],["Allocoleopsis",0.000232]],"more":0},"1b":{"top":[["Nitrososphaera",0.057531],["Rhodoplanes",0.006163],["Nitrospira",0.0054],["Nitrosococcus",0.002531],["Bradyrhizobium",0.001526],["Lacipirellula",0.001092],["Nitrosomonas",0.000976],["Iamia",0.000947]],"more":3},"1c":{"top":[["Caldichromatium",0.017329],["Skermanella",0.009321],["Pseudomarimonas",0.006346],["Bacillus",0.004859],["Rhodocytophaga",0.004608],["Tardiphaga",0.003593],["Caldimonas",0.002975],["Cellulomonas",0.002724]],"more":45},"1d":{"top":[["Sphingomonas",0.055648],["Streptomyces",0.029838],["Pseudarthrobacter",0.011128],["Methylobacterium",0.005738],["Reyranella",0.005284],["Bacillus",0.004859],["Patulibacter",0.004443],["Azospirillum",0.003661]],"more":35},"2":{"top":[["Sphingomonas",0.055648],["Rubrobacter",0.039604],["Gemmatimonas",0.038502],["Streptomyces",0.029838],["Luteitalea",0.029162],["Gaiella",0.027336],["Microvirga",0.023356],["Pantoea",0.020391]],"more":369},"3a":{"top":[["Nitrososphaera",0.057531],["Sphingomonas",0.055648],["Rubrobacter",0.039604],["Gemmatimonas",0.038502],["Streptomyces",0.029838],["Luteitalea",0.029162],["Gaiella",0.027336],["Microvirga",0.023356]],"more":341},"3b":{"top":[["Sphingomonas",0.055648],["Rubrobacter",0.039604],["Gemmatimonas",0.038502],["Streptomyces",0.029838],["Luteitalea",0.029162],["Stenotrophobacter",0.01956],["Nocardioides",0.012721],["Chthoniobacter",0.012258]],"more":218},"3c":{"top":[["Streptomyces",0.029838],["Kribbella",0.002685],["Pseudoalteromonas",0.002202],["Immundisolibacter",0.001613],["Rhodococcoides",0.000898],["Acinetobacter",0.000831],["Marinicella",0.000106]],"more":0},"3d":{"top":[["Sphingomonas",0.055648],["Rubrobacter",0.039604],["Gemmatimonas",0.038502],["Streptomyces",0.029838],["Luteitalea",0.029162],["Gaiella",0.027336],["Microvirga",0.023356],["Pantoea",0.020391]],"more":340},"4":{"top":[["Lignipirellula",0.004356],["Kallotenue",0.002763],["Urbifossiella",0.002038],["Polyangium",0.001903],["Limnoglobus",0.001748],["Proteus",0.001729],["Senegalia",0.001719],["Paludisphaera",0.001584]],"more":37},"5":{"top":[["Methylobacterium",0.005738]],"more":0},"6":{"top":[["Ferrimicrobium",0.000551],["Anaeromicrobium",0.000222],["Tepidibacillus",0.000116],["Geoalkalibacter",9.7e-05]],"more":0},"7":{"top":[["Sphingomonas",0.055648],["Gemmatimonas",0.038502],["Streptomyces",0.029838],["Luteitalea",0.029162],["Microvirga",0.023356],["Pantoea",0.020391],["Paludibaculum",0.015967],["Parviterribacter",0.015223]],"more":250},"8":{"top":[["Streptomyces",0.029838],["Nocardiopsis",0.004221],["Paenibacillus",0.003043]],"more":0},"9":{"top":[["Caldichromatium",0.017329],["Methylobacterium",0.005738],["Rhodopseudomonas",0.002212],["Marichromatium",0.001748],["Stenomitos",0.001333],["Falsiroseomonas",0.000512],["Thiorhodovibrio",0.000493],["Dankookia",0.000406]],"more":9},"10":{"top":[["Nitrososphaera",0.057531],["Rubrobacter",0.039604],["Gemmatimonas",0.038502],["Streptomyces",0.029838],["Luteitalea",0.029162],["Gaiella",0.027336],["Pantoea",0.020391],["Caldichromatium",0.017329]],"more":291},"12":{"top":[["Skermanella",0.009321],["Paenibacillus",0.003043],["Microbacterium",0.001362],["Flexivirga",0.000995]],"more":0}}