{"1a":{"top":[["Rhodopseudomonas",0.012548],["Roseiarcus",0.002515],["Bradyrhizobium",0.002506],["Acidisoma",0.000941],["Kamptonema",0.000461],["Azotobacter",0.000365]],"more":0},"1b":{"top":[["Nitrososphaera",0.039123],["Rhodoplanes",0.002842],["Bradyrhizobium",0.002506],["Iamia",0.002122],["Nitrospira",0.001238]],"more":0},"1c":{"top":[["Baekduia",0.011358],["Mesobacillus",0.006375],["Bacillus",0.005837],["Clostridium",0.005223],["Metapseudomonas",0.003063],["Mycolicibacterium",0.002679],["Tenuibacillus",0.002602],["Bradyrhizobium",0.002506]],"more":46},"1d":{"top":[["Acinetobacter",0.111599],["Sphingomonas",0.028572],["Streptomyces",0.010743],["Paenibacillus",0.008285],["Bacillus",0.005837],["Actinoallomurus",0.005117],["Rhizobium",0.002938],["Devosia",0.002899]],"more":31},"2":{"top":[["Acinetobacter",0.111599],["Pseudomonas",0.056721],["Conexibacter",0.032873],["Sphingomonas",0.028572],["Gemmatimonas",0.027698],["Edaphobacter",0.027285],["Tepidisphaera",0.025807],["Gaiella",0.023819]],"more":336},"3a":{"top":[["Acinetobacter",0.111599],["Pseudomonas",0.056721],["Nitrososphaera",0.039123],["Conexibacter",0.032873],["Sphingomonas",0.028572],["Gemmatimonas",0.027698],["Edaphobacter",0.027285],["Gaiella",0.023819]],"more":312},"3b":{"top":[["Conexibacter",0.032873],["Sphingomonas",0.028572],["Gemmatimonas",0.027698],["Tautonia",0.017195],["Litorilinea",0.013374],["Singulisphaera",0.012212],["Streptomyces",0.010743],["Aquisphaera",0.010638]],"more":196},"3c":{"top":[["Acinetobacter",0.111599],["Streptomyces",0.010743],["Pseudoalteromonas",0.000835],["Kribbella",0.000835],["Halomonas",0.00047],["Methyloferula",0.000451],["Methylococcus",0.000422],["Rhodococcoides",0.000307]],"more":2},"3d":{"top":[["Acinetobacter",0.111599],["Pseudomonas",0.056721],["Conexibacter",0.032873],["Sphingomonas",0.028572],["Gemmatimonas",0.027698],["Edaphobacter",0.027285],["Gaiella",0.023819],["Dictyobacter",0.021525]],"more":306},"4":{"top":[["Tautonia",0.017195],["Aquisphaera",0.010638],["Biomaibacter",0.009399],["Anderseniella",0.008391],["Paludisphaera",0.005127],["Urbifossiella",0.004752],["Kallotenue",0.004099],["Paracidobacterium",0.003466]],"more":31},"5":{"top":[["Lichenicoccus",0.003581],["Methylobacterium",0.001306]],"more":0},"6":{"top":[["Biomaibacter",0.009399],["Geoanaerobacter",0.00096],["Leptospirillum",0.00023]],"more":0},"7":{"top":[["Acinetobacter",0.111599],["Pseudomonas",0.056721],["Conexibacter",0.032873],["Sphingomonas",0.028572],["Gemmatimonas",0.027698],["Tautonia",0.017195],["Phytopseudomonas",0.015409],["Rhodopseudomonas",0.012548]],"more":225},"8":{"top":[["Pseudomonas",0.056721],["Streptomyces",0.010743],["Paenibacillus",0.008285],["Nocardiopsis",0.000432]],"more":0},"9":{"top":[["Rhodopseudomonas",0.012548],["Clostridium",0.005223],["Falsiroseomonas",0.005204],["Lichenicoccus",0.003581],["Roseospira",0.003264],["Roseiarcus",0.002515],["Acanthopleuribacter",0.001699],["Methylobacterium",0.001306]],"more":11},"10":{"top":[["Acinetobacter",0.111599],["Pseudomonas",0.056721],["Nitrososphaera",0.039123],["Conexibacter",0.032873],["Gemmatimonas",0.027698],["Edaphobacter",0.027285],["Gaiella",0.023819],["Dictyobacter",0.021525]],"more":277},"12":{"top":[["Paenibacillus",0.008285],["Granulicella",0.003495],["Microbacterium",0.000758],["Staphylococcus",0.000307]],"more":0}}