{"1a":{"top":[["Bradyrhizobium",0.003068],["Shumkonia",0.000165]],"more":0},"1b":{"top":[["Nitrososphaera",0.202984],["Nitrosococcus",0.005238],["Rhodoplanes",0.004804],["Nitrospira",0.004041],["Bradyrhizobium",0.003068],["Lacipirellula",0.00223],["Iamia",0.000299],["Shumkonia",0.000165]],"more":0},"1c":{"top":[["Caldichromatium",0.011808],["Pseudomarimonas",0.005223],["Caldimonas",0.003367],["Bradyrhizobium",0.003068],["Vibrio",0.002888],["Limibacillus",0.002335],["Sphingobium",0.0022],["Limnoglobus",0.002155]],"more":31},"1d":{"top":[["Sphingomonas",0.034676],["Streptomyces",0.010147],["Reyranella",0.005193],["Devosia",0.004011],["Glaciimonas",0.003727],["Methylobacterium",0.003502],["Caldimonas",0.003367],["Thiothrix",0.002484]],"more":18},"2":{"top":[["Rubrobacter",0.08161],["Luteitalea",0.051648],["Brevitalea",0.042758],["Pantoea",0.036008],["Sphingomonas",0.034676],["Gemmatimonas",0.030366],["Gaiella",0.028825],["Tepidisphaera",0.025053]],"more":244},"3a":{"top":[["Nitrososphaera",0.202984],["Rubrobacter",0.08161],["Luteitalea",0.051648],["Pantoea",0.036008],["Sphingomonas",0.034676],["Gemmatimonas",0.030366],["Gaiella",0.028825],["Kallotenue",0.015714]],"more":219},"3b":{"top":[["Rubrobacter",0.08161],["Luteitalea",0.051648],["Sphingomonas",0.034676],["Gemmatimonas",0.030366],["Kallotenue",0.015714],["Stenotrophobacter",0.014367],["Pseudoalteromonas",0.012197],["Streptomyces",0.010147]],"more":137},"3c":{"top":[["Pseudoalteromonas",0.012197],["Streptomyces",0.010147],["Immundisolibacter",0.001212],["Acinetobacter",0.001018],["Methylococcus",0.000464],["Marinobacter",0.000284]],"more":0},"3d":{"top":[["Rubrobacter",0.08161],["Luteitalea",0.051648],["Pantoea",0.036008],["Sphingomonas",0.034676],["Gemmatimonas",0.030366],["Gaiella",0.028825],["Kallotenue",0.015714],["Pseudoalteromonas",0.012197]],"more":220},"4":{"top":[["Kallotenue",0.015714],["Urbifossiella",0.003038],["Paludisphaera",0.002469],["Lacipirellula",0.00223],["Halocella",0.00217],["Limnoglobus",0.002155],["Lignipirellula",0.002155],["Anderseniella",0.001212]],"more":21},"5":{"top":[["Methylobacterium",0.003502],["Lichenicoccus",0.000629]],"more":0},"6":{"top":[["Ferrimicrobium",0.000329]],"more":0},"7":{"top":[["Luteitalea",0.051648],["Brevitalea",0.042758],["Pantoea",0.036008],["Sphingomonas",0.034676],["Gemmatimonas",0.030366],["Vicinamibacter",0.024724],["Kallotenue",0.015714],["Pseudoalteromonas",0.012197]],"more":159},"8":{"top":[["Streptomyces",0.010147],["Paenibacillus",0.001093],["Nocardiopsis",0.00021]],"more":0},"9":{"top":[["Caldichromatium",0.011808],["Methylobacterium",0.003502],["Falsiroseomonas",0.000793],["Lichenicoccus",0.000629],["Sabulicella",0.000389],["Algihabitans",0.000329],["Acanthopleuribacter",0.000254]],"more":0},"10":{"top":[["Nitrososphaera",0.202984],["Rubrobacter",0.08161],["Luteitalea",0.051648],["Pantoea",0.036008],["Gemmatimonas",0.030366],["Gaiella",0.028825],["Kallotenue",0.015714],["Pseudoalteromonas",0.012197]],"more":183},"12":{"top":[["Paenibacillus",0.001093],["Skermanella",0.000659]],"more":0}}