{"1a":{"top":[["Rhodopseudomonas",0.022586],["Roseiarcus",0.002277],["Bradyrhizobium",0.001578],["Acidisoma",0.00115],["Methylocella",0.000396],["Shumkonia",0.000249],["Tistlia",0.000233]],"more":0},"1b":{"top":[["Rhodoplanes",0.021638],["Nitrososphaera",0.018444],["Denitratisoma",0.002565],["Bradyrhizobium",0.001578],["Nitrosotalea",0.0015],["Nitrospira",0.001119],["Nitrosococcus",0.000816],["Nitrosomonas",0.000505]],"more":4},"1c":{"top":[["Pseudomarimonas",0.007283],["Terribium",0.005184],["Baekduia",0.004625],["Vitreimonas",0.004391],["Bartonella",0.003093],["Edaphosphingomonas",0.002852],["Denitratisoma",0.002565],["Hyphomicrobium",0.002106]],"more":65},"1d":{"top":[["Sphingomonas",0.031043],["Streptomyces",0.026162],["Amphibacillus",0.007322],["Pseudacidobacterium",0.006482],["Lysobacter",0.006086],["Devosia",0.005511],["Reyranella",0.004446],["Paenibacillus",0.004197]],"more":35},"2":{"top":[["Gaiella",0.038893],["Conexibacter",0.034898],["Edaphobacter",0.033087],["Sphingomonas",0.031043],["Streptomyces",0.026162],["Gemmatimonas",0.024444],["Luteimonas",0.023247],["Rhodopseudomonas",0.022586]],"more":435},"3a":{"top":[["Gaiella",0.038893],["Conexibacter",0.034898],["Edaphobacter",0.033087],["Sphingomonas",0.031043],["Streptomyces",0.026162],["Gemmatimonas",0.024444],["Luteimonas",0.023247],["Rhodopseudomonas",0.022586]],"more":405},"3b":{"top":[["Conexibacter",0.034898],["Sphingomonas",0.031043],["Streptomyces",0.026162],["Gemmatimonas",0.024444],["Luteimonas",0.023247],["Chthoniobacter",0.018242],["Puia",0.016508],["Limisphaera",0.011814]],"more":238},"3c":{"top":[["Streptomyces",0.026162],["Kribbella",0.001966],["Hydrocarboniphaga",0.00129],["Rhodococcoides",0.001111],["Acinetobacter",0.000816],["Cupriavidus",0.000692],["Pseudoalteromonas",0.000591],["Methylocella",0.000396]],"more":5},"3d":{"top":[["Gaiella",0.038893],["Conexibacter",0.034898],["Edaphobacter",0.033087],["Sphingomonas",0.031043],["Streptomyces",0.026162],["Gemmatimonas",0.024444],["Luteimonas",0.023247],["Rhodopseudomonas",0.022586]],"more":396},"4":{"top":[["Puia",0.016508],["Paracidobacterium",0.009272],["Polyangium",0.005254],["Acidihalobacter",0.003233],["Lignipirellula",0.001966],["Desulfovibrio",0.001951],["Dethiosulfatarculus",0.001788],["Occallatibacter",0.001764]],"more":45},"5":{"top":[["Methylobacterium",0.001656],["Lichenicoccus",0.001547],["Methylophilus",0.001104],["Methylocella",0.000396],["Methylocystis",0.000218],["Ruminiclostridium",0.000148]],"more":0},"6":{"top":[["Biomaibacter",0.001088],["Ferrimicrobium",0.000132],["Leptospirillum",9.3e-05]],"more":0},"7":{"top":[["Conexibacter",0.034898],["Sphingomonas",0.031043],["Streptomyces",0.026162],["Gemmatimonas",0.024444],["Luteimonas",0.023247],["Rhodopseudomonas",0.022586],["Rhodoplanes",0.021638],["Mycobacterium",0.015778]],"more":281},"8":{"top":[["Streptomyces",0.026162],["Pseudomonas",0.010967],["Paenibacillus",0.004197],["Microbispora",0.000505],["Nocardiopsis",0.000155]],"more":0},"9":{"top":[["Rhodopseudomonas",0.022586],["Falsiroseomonas",0.005969],["Halochromatium",0.005363],["Roseiarcus",0.002277],["Clostridium",0.001764],["Methylobacterium",0.001656],["Lichenicoccus",0.001547],["Sandaracinobacter",0.001329]],"more":6},"10":{"top":[["Gaiella",0.038893],["Conexibacter",0.034898],["Edaphobacter",0.033087],["Streptomyces",0.026162],["Gemmatimonas",0.024444],["Rhodopseudomonas",0.022586],["Rhodoplanes",0.021638],["Nitrososphaera",0.018444]],"more":344},"12":{"top":[["Granulicella",0.006296],["Paenibacillus",0.004197],["Microbacterium",0.000583],["Roseateles",0.000443],["Skermanella",0.000171]],"more":0}}