{"1a":{"top":[["Rhodopseudomonas",0.007108],["Xanthobacter",0.003662],["Shumkonia",0.001804],["Heliophilum",0.000787],["Roseicella",0.00061],["Aquabacter",0.000393]],"more":0},"1b":{"top":[["Nitrososphaera",0.04125],["Rhodoplanes",0.009549],["Nitrospira",0.004205],["Shumkonia",0.001804],["Lacipirellula",0.001479],["Nitrosococcus",0.000868],["Nitrosomonas",0.000746],["Iamia",0.000705]],"more":0},"1c":{"top":[["Skermanella",0.023005],["Baekduia",0.010065],["Bacillus",0.007935],["Miltoncostaea",0.004246],["Terribium",0.003947],["Limibacillus",0.003364],["Mycolicibacterium",0.002984],["Cellulomonas",0.002496]],"more":47},"1d":{"top":[["Sphingomonas",0.026057],["Streptomyces",0.021581],["Bacillus",0.007935],["Patulibacter",0.006687],["Herminiimonas",0.005182],["Methylobacterium",0.005155],["Acinetobacter",0.004748],["Xanthobacter",0.003662]],"more":33},"2":{"top":[["Gaiella",0.067375],["Vicinamibacter",0.042959],["Brevitalea",0.027522],["Sphingomonas",0.026057],["Skermanella",0.023005],["Parviterribacter",0.022558],["Nocardioides",0.022476],["Streptomyces",0.021581]],"more":355},"3a":{"top":[["Gaiella",0.067375],["Nitrososphaera",0.04125],["Sphingomonas",0.026057],["Skermanella",0.023005],["Nocardioides",0.022476],["Streptomyces",0.021581],["Roseiflexus",0.020048],["Flavisolibacter",0.018163]],"more":319},"3b":{"top":[["Sphingomonas",0.026057],["Nocardioides",0.022476],["Streptomyces",0.021581],["Flavisolibacter",0.018163],["Luteitalea",0.016983],["Segetibacter",0.01488],["Conexibacter",0.013917],["Noviherbaspirillum",0.012452]],"more":203},"3c":{"top":[["Streptomyces",0.021581],["Acinetobacter",0.004748],["Kribbella",0.002238],["Methylococcus",0.000855],["Methyloferula",0.000678],["Rhodococcoides",0.000651],["Herbaspirillum",0.000298],["Marinobacter",0.000244]],"more":1},"3d":{"top":[["Gaiella",0.067375],["Sphingomonas",0.026057],["Skermanella",0.023005],["Nocardioides",0.022476],["Streptomyces",0.021581],["Paraconexibacter",0.02032],["Roseiflexus",0.020048],["Flavisolibacter",0.018163]],"more":318},"4":{"top":[["Tautonia",0.004178],["Paludisphaera",0.003093],["Urbifossiella",0.002496],["Polyangium",0.002401],["Longivirga",0.002279],["Aeoliella",0.002089],["Lignipirellula",0.001913],["Longilinea",0.001885]],"more":39},"5":{"top":[["Methylobacterium",0.005155]],"more":0},"6":{"top":[["Ferrimicrobium",0.000393],["Ferrithrix",0.000203],["Geoalkalibacter",0.000149]],"more":0},"7":{"top":[["Vicinamibacter",0.042959],["Brevitalea",0.027522],["Sphingomonas",0.026057],["Skermanella",0.023005],["Parviterribacter",0.022558],["Nocardioides",0.022476],["Streptomyces",0.021581],["Flavisolibacter",0.018163]],"more":228},"8":{"top":[["Streptomyces",0.021581],["Paenibacillus",0.003188],["Acidovorax",0.001031],["Nocardiopsis",0.000963],["Herbaspirillum",0.000298]],"more":0},"9":{"top":[["Rhodopseudomonas",0.007108],["Methylobacterium",0.005155],["Sandaracinobacter",0.002089],["Dankookia",0.001234],["Falsiroseomonas",0.00118],["Caldichromatium",0.001112],["Heliophilum",0.000787],["Roseicella",0.00061]],"more":5},"10":{"top":[["Gaiella",0.067375],["Nitrososphaera",0.04125],["Skermanella",0.023005],["Parviterribacter",0.022558],["Nocardioides",0.022476],["Streptomyces",0.021581],["Roseiflexus",0.020048],["Flavisolibacter",0.018163]],"more":272},"12":{"top":[["Skermanella",0.023005],["Paenibacillus",0.003188],["Microbacterium",0.001587],["Aliidongia",0.001465],["Granulicella",0.000922]],"more":0}}