{"1a":{"top":[["Rhodopseudomonas",0.007169],["Xanthobacter",0.00304],["Aquabacter",0.000445],["Roseiarcus",0.000445],["Heliophilum",0.000445],["Shumkonia",0.000373],["Roseicella",0.000215]],"more":0},"1b":{"top":[["Nitrososphaera",0.07376],["Rhodoplanes",0.007714],["Nitrospira",0.003699],["Lacipirellula",0.002309],["Nitrosococcus",0.001018],["Iamia",0.001018],["Nitrosomonas",0.000617],["Shumkonia",0.000373]],"more":1},"1c":{"top":[["Skermanella",0.019802],["Bacillus",0.009679],["Baekduia",0.007327],["Miltoncostaea",0.004345],["Terribium",0.003499],["Sinorhizobium",0.003456],["Mycolicibacterium",0.003398],["Hyphomicrobium",0.003226]],"more":47},"1d":{"top":[["Streptomyces",0.022785],["Sphingomonas",0.021494],["Bacillus",0.009679],["Acinetobacter",0.007012],["Herminiimonas",0.005908],["Patulibacter",0.004947],["Paenibacillus",0.004244],["Devosia",0.004101]],"more":28},"2":{"top":[["Gaiella",0.044881],["Vicinamibacter",0.043418],["Flavisolibacter",0.028879],["Streptomyces",0.022785],["Sphingomonas",0.021494],["Luteitalea",0.020462],["Skermanella",0.019802],["Nocardioides",0.019587]],"more":346},"3a":{"top":[["Nitrososphaera",0.07376],["Gaiella",0.044881],["Flavisolibacter",0.028879],["Streptomyces",0.022785],["Sphingomonas",0.021494],["Luteitalea",0.020462],["Skermanella",0.019802],["Nocardioides",0.019587]],"more":314},"3b":{"top":[["Flavisolibacter",0.028879],["Streptomyces",0.022785],["Sphingomonas",0.021494],["Luteitalea",0.020462],["Nocardioides",0.019587],["Gemmatimonas",0.015902],["Flavitalea",0.010898],["Niastella",0.010295]],"more":205},"3c":{"top":[["Streptomyces",0.022785],["Acinetobacter",0.007012],["Kribbella",0.002495],["Rhodococcoides",0.001104],["Methyloferula",0.000703],["Methylococcus",0.000545],["Hydrocarboniphaga",0.000459],["Adhaeretor",0.000272]],"more":2},"3d":{"top":[["Gaiella",0.044881],["Flavisolibacter",0.028879],["Streptomyces",0.022785],["Sphingomonas",0.021494],["Luteitalea",0.020462],["Skermanella",0.019802],["Nocardioides",0.019587],["Microvirga",0.015902]],"more":313},"4":{"top":[["Longilinea",0.009822],["Nordella",0.002983],["Longivirga",0.00261],["Lignipirellula",0.002538],["Kallotenue",0.002466],["Tautonia",0.002337],["Lacipirellula",0.002309],["Polyangium",0.002309]],"more":41},"5":{"top":[["Methylobacterium",0.003269]],"more":0},"6":{"top":[["Ferrimicrobium",0.000602]],"more":0},"7":{"top":[["Vicinamibacter",0.043418],["Flavisolibacter",0.028879],["Streptomyces",0.022785],["Sphingomonas",0.021494],["Luteitalea",0.020462],["Skermanella",0.019802],["Nocardioides",0.019587],["Parviterribacter",0.019128]],"more":227},"8":{"top":[["Streptomyces",0.022785],["Paenibacillus",0.004244],["Nocardiopsis",0.001305]],"more":0},"9":{"top":[["Rhodopseudomonas",0.007169],["Methylobacterium",0.003269],["Clostridium",0.002452],["Sandaracinobacter",0.001491],["Caldichromatium",0.00076],["Falsiroseomonas",0.000717],["Dankookia",0.000688],["Roseiarcus",0.000445]],"more":5},"10":{"top":[["Nitrososphaera",0.07376],["Gaiella",0.044881],["Flavisolibacter",0.028879],["Streptomyces",0.022785],["Luteitalea",0.020462],["Skermanella",0.019802],["Nocardioides",0.019587],["Parviterribacter",0.019128]],"more":265},"12":{"top":[["Skermanella",0.019802],["Paenibacillus",0.004244],["Aliidongia",0.000416]],"more":0}}