{"1a":{"top":[["Rhodopseudomonas",0.007449],["Xanthobacter",0.003507],["Shumkonia",0.001291],["Aquabacter",0.00087],["Heliophilum",0.000533],["Roseiarcus",0.000421],["Roseicella",0.000351]],"more":0},"1b":{"top":[["Nitrososphaera",0.055637],["Rhodoplanes",0.008221],["Nitrospira",0.004559],["Lacipirellula",0.00195],["Nitrosococcus",0.001627],["Shumkonia",0.001291],["Iamia",0.001122],["Nitrosomonas",0.000533]],"more":1},"1c":{"top":[["Skermanella",0.024942],["Bacillus",0.013874],["Baekduia",0.006607],["Steroidobacter",0.004405],["Terribium",0.003914],["Mycolicibacterium",0.003549],["Hyphomicrobium",0.002904],["Miltoncostaea",0.002834]],"more":47},"1d":{"top":[["Sphingomonas",0.022964],["Streptomyces",0.018307],["Bacillus",0.013874],["Methylobacterium",0.009511],["Acinetobacter",0.007056],["Herminiimonas",0.005331],["Devosia",0.004994],["Patulibacter",0.004924]],"more":29},"2":{"top":[["Vicinamibacter",0.048875],["Gaiella",0.036474],["Flavisolibacter",0.031718],["Skermanella",0.024942],["Sphingomonas",0.022964],["Nocardioides",0.021393],["Luteitalea",0.020692],["Microvirga",0.020159]],"more":333},"3a":{"top":[["Nitrososphaera",0.055637],["Gaiella",0.036474],["Flavisolibacter",0.031718],["Skermanella",0.024942],["Sphingomonas",0.022964],["Nocardioides",0.021393],["Luteitalea",0.020692],["Microvirga",0.020159]],"more":299},"3b":{"top":[["Flavisolibacter",0.031718],["Sphingomonas",0.022964],["Nocardioides",0.021393],["Luteitalea",0.020692],["Streptomyces",0.018307],["Gemmatimonas",0.017732],["Bacillus",0.013874],["Flavitalea",0.013173]],"more":187},"3c":{"top":[["Streptomyces",0.018307],["Acinetobacter",0.007056],["Novosphingobium",0.002427],["Kribbella",0.002259],["Methylococcus",0.000701],["Rhodococcoides",0.000561],["Methyloferula",0.000547],["Adhaeretor",0.000337]],"more":4},"3d":{"top":[["Gaiella",0.036474],["Flavisolibacter",0.031718],["Skermanella",0.024942],["Sphingomonas",0.022964],["Nocardioides",0.021393],["Luteitalea",0.020692],["Microvirga",0.020159],["Streptomyces",0.018307]],"more":300},"4":{"top":[["Longilinea",0.009315],["Lignipirellula",0.003241],["Kallotenue",0.003142],["Nordella",0.002609],["Longivirga",0.002609],["Tautonia",0.002483],["Polyangium",0.002343],["Lacipirellula",0.00195]],"more":36},"5":{"top":[["Methylobacterium",0.009511]],"more":0},"6":{"top":[["Ferrimicrobium",0.0008],["Geoalkalibacter",0.000154]],"more":0},"7":{"top":[["Vicinamibacter",0.048875],["Flavisolibacter",0.031718],["Skermanella",0.024942],["Sphingomonas",0.022964],["Nocardioides",0.021393],["Luteitalea",0.020692],["Microvirga",0.020159],["Streptomyces",0.018307]],"more":219},"8":{"top":[["Streptomyces",0.018307],["Paenibacillus",0.004601],["Nocardiopsis",0.001459]],"more":0},"9":{"top":[["Methylobacterium",0.009511],["Rhodopseudomonas",0.007449],["Sandaracinobacter",0.001122],["Caldichromatium",0.001038],["Dankookia",0.000996],["Heliophilum",0.000533],["Falsiroseomonas",0.000449],["Roseiarcus",0.000421]],"more":5},"10":{"top":[["Nitrososphaera",0.055637],["Gaiella",0.036474],["Flavisolibacter",0.031718],["Skermanella",0.024942],["Nocardioides",0.021393],["Luteitalea",0.020692],["Streptomyces",0.018307],["Gemmatimonas",0.017732]],"more":252},"12":{"top":[["Skermanella",0.024942],["Paenibacillus",0.004601],["Granulicella",0.000477],["Aliidongia",0.000309]],"more":0}}