{"1a":{"top":[["Rhodopseudomonas",0.009411],["Xanthobacter",0.003203],["Shumkonia",0.001257],["Heliophilum",0.000751],["Aquabacter",0.000613],["Roseicella",0.000322],["Roseiarcus",0.00023]],"more":0},"1b":{"top":[["Nitrososphaera",0.045213],["Rhodoplanes",0.006698],["Nitrospira",0.00374],["Lacipirellula",0.002774],["Nitrosococcus",0.001533],["Shumkonia",0.001257],["Iamia",0.001257],["Nitrosomonas",0.000521]],"more":1},"1c":{"top":[["Skermanella",0.027665],["Baekduia",0.00728],["Bacillus",0.005793],["Steroidobacter",0.004659],["Terribium",0.00446],["Hyphomicrobium",0.003724],["Miltoncostaea",0.002084],["Aurantiacibacter",0.002038]],"more":37},"1d":{"top":[["Streptomyces",0.026178],["Sphingomonas",0.025672],["Acinetobacter",0.00797],["Methylobacterium",0.007663],["Bacillus",0.005793],["Patulibacter",0.005732],["Paenibacillus",0.003403],["Xanthobacter",0.003203]],"more":29},"2":{"top":[["Vicinamibacter",0.040968],["Flavisolibacter",0.034883],["Nocardioides",0.032738],["Skermanella",0.027665],["Microvirga",0.027588],["Streptomyces",0.026178],["Sphingomonas",0.025672],["Luteitalea",0.025427]],"more":331},"3a":{"top":[["Nitrososphaera",0.045213],["Flavisolibacter",0.034883],["Nocardioides",0.032738],["Skermanella",0.027665],["Microvirga",0.027588],["Streptomyces",0.026178],["Sphingomonas",0.025672],["Luteitalea",0.025427]],"more":298},"3b":{"top":[["Flavisolibacter",0.034883],["Nocardioides",0.032738],["Streptomyces",0.026178],["Sphingomonas",0.025672],["Luteitalea",0.025427],["Gemmatimonas",0.015342],["Segetibacter",0.011204],["Flavitalea",0.010254]],"more":194},"3c":{"top":[["Streptomyces",0.026178],["Acinetobacter",0.00797],["Rhodococcoides",0.001992],["Kribbella",0.001946],["Methylococcus",0.000598],["Methyloferula",0.000536],["Herbaspirillum",0.000521],["Adhaeretor",0.000383]],"more":1},"3d":{"top":[["Flavisolibacter",0.034883],["Nocardioides",0.032738],["Skermanella",0.027665],["Microvirga",0.027588],["Streptomyces",0.026178],["Sphingomonas",0.025672],["Luteitalea",0.025427],["Gaiella",0.023649]],"more":301},"4":{"top":[["Tautonia",0.004154],["Polyangium",0.003035],["Urbifossiella",0.002866],["Longivirga",0.002851],["Lacipirellula",0.002774],["Lignipirellula",0.002759],["Longilinea",0.002498],["Paludisphaera",0.002161]],"more":31},"5":{"top":[["Methylobacterium",0.007663]],"more":0},"6":{"top":[["Ferrimicrobium",0.000613]],"more":0},"7":{"top":[["Vicinamibacter",0.040968],["Flavisolibacter",0.034883],["Nocardioides",0.032738],["Skermanella",0.027665],["Microvirga",0.027588],["Streptomyces",0.026178],["Sphingomonas",0.025672],["Luteitalea",0.025427]],"more":217},"8":{"top":[["Streptomyces",0.026178],["Paenibacillus",0.003403],["Nocardiopsis",0.000889],["Herbaspirillum",0.000521]],"more":0},"9":{"top":[["Rhodopseudomonas",0.009411],["Methylobacterium",0.007663],["Dankookia",0.001517],["Falsiroseomonas",0.001027],["Heliophilum",0.000751],["Caldichromatium",0.00049],["Sandaracinobacter",0.000414],["Roseicella",0.000322]],"more":3},"10":{"top":[["Nitrososphaera",0.045213],["Flavisolibacter",0.034883],["Nocardioides",0.032738],["Skermanella",0.027665],["Streptomyces",0.026178],["Luteitalea",0.025427],["Gaiella",0.023649],["Parviterribacter",0.016921]],"more":254},"12":{"top":[["Skermanella",0.027665],["Paenibacillus",0.003403],["Roseateles",0.00118],["Aliidongia",0.000444]],"more":0}}