{"1a":{"top":[["Rhodopseudomonas",0.007023],["Xanthobacter",0.002812],["Heliophilum",0.000623],["Roseiarcus",0.000596],["Shumkonia",0.000416],["Roseicella",0.000374],["Aquabacter",0.000139]],"more":0},"1b":{"top":[["Nitrososphaera",0.035129],["Rhodoplanes",0.006414],["Nitrospira",0.005679],["Lacipirellula",0.003144],["Iamia",0.001579],["Nitrosococcus",0.00108],["Shumkonia",0.000416],["Nitrosomonas",0.000291]],"more":1},"1c":{"top":[["Skermanella",0.020584],["Bacillus",0.011054],["Baekduia",0.007383],["Steroidobacter",0.005195],["Mycolicibacterium",0.004654],["Hyphomicrobium",0.003976],["Sandaracinobacter",0.003283],["Miltoncostaea",0.003131]],"more":56},"1d":{"top":[["Streptomyces",0.026762],["Sphingomonas",0.018188],["Bacillus",0.011054],["Devosia",0.005776],["Patulibacter",0.005693],["Acinetobacter",0.005236],["Herminiimonas",0.004862],["Methylobacterium",0.004447]],"more":32},"2":{"top":[["Vicinamibacter",0.047541],["Gaiella",0.047485],["Streptomyces",0.026762],["Flavisolibacter",0.023756],["Skermanella",0.020584],["Luteitalea",0.019462],["Nocardioides",0.019088],["Sphingomonas",0.018188]],"more":373},"3a":{"top":[["Gaiella",0.047485],["Nitrososphaera",0.035129],["Streptomyces",0.026762],["Flavisolibacter",0.023756],["Skermanella",0.020584],["Luteitalea",0.019462],["Nocardioides",0.019088],["Sphingomonas",0.018188]],"more":335},"3b":{"top":[["Streptomyces",0.026762],["Flavisolibacter",0.023756],["Luteitalea",0.019462],["Nocardioides",0.019088],["Sphingomonas",0.018188],["Terrimonas",0.014018],["Longilinea",0.013506],["Bacillus",0.011054]],"more":208},"3c":{"top":[["Streptomyces",0.026762],["Acinetobacter",0.005236],["Kribbella",0.003047],["Rhodococcoides",0.000679],["Methyloferula",0.000443],["Methylococcus",0.00036],["Hydrocarboniphaga",0.000332],["Pseudoalteromonas",0.000249]],"more":1},"3d":{"top":[["Gaiella",0.047485],["Streptomyces",0.026762],["Flavisolibacter",0.023756],["Skermanella",0.020584],["Luteitalea",0.019462],["Nocardioides",0.019088],["Sphingomonas",0.018188],["Verrucomicrobium",0.016179]],"more":338},"4":{"top":[["Longilinea",0.013506],["Lignipirellula",0.003712],["Nordella",0.003435],["Lacipirellula",0.003144],["Tautonia",0.002715],["Polyangium",0.002313],["Aeoliella",0.001925],["Urbifossiella",0.001801]],"more":39},"5":{"top":[["Methylobacterium",0.004447]],"more":0},"6":{"top":[["Ferrimicrobium",0.000416],["Anaeromicrobium",0.000388]],"more":0},"7":{"top":[["Vicinamibacter",0.047541],["Streptomyces",0.026762],["Flavisolibacter",0.023756],["Skermanella",0.020584],["Luteitalea",0.019462],["Nocardioides",0.019088],["Sphingomonas",0.018188],["Microvirga",0.013727]],"more":235},"8":{"top":[["Streptomyces",0.026762],["Paenibacillus",0.004336],["Pseudomonas",0.003518],["Nocardiopsis",0.001344],["Microbispora",0.000166]],"more":0},"9":{"top":[["Rhodopseudomonas",0.007023],["Methylobacterium",0.004447],["Sandaracinobacter",0.003283],["Dankookia",0.000803],["Heliophilum",0.000623],["Roseiarcus",0.000596],["Caldichromatium",0.000513],["Mongoliimonas",0.000388]],"more":5},"10":{"top":[["Gaiella",0.047485],["Nitrososphaera",0.035129],["Streptomyces",0.026762],["Flavisolibacter",0.023756],["Skermanella",0.020584],["Luteitalea",0.019462],["Nocardioides",0.019088],["Verrucomicrobium",0.016179]],"more":287},"12":{"top":[["Skermanella",0.020584],["Paenibacillus",0.004336],["Microbacterium",0.003685],["Aliidongia",0.001233]],"more":0}}