{"1a":{"top":[["Rhodopseudomonas",0.004563],["Xanthobacter",0.003411],["Roseiarcus",0.000808],["Heliophilum",0.000731],["Aquabacter",0.000598],["Pararhodospirillum",0.000388],["Shumkonia",0.000299],["Inconstantimicrobium",0.000166]],"more":0},"1b":{"top":[["Nitrososphaera",0.088841],["Nitrospira",0.010189],["Rhodoplanes",0.006789],["Lacipirellula",0.00484],["Nitrosococcus",0.001263],["Iamia",0.001196],["Nitrosomonas",0.000399],["Stutzerimonas",0.00031]],"more":2},"1c":{"top":[["Bacillus",0.015272],["Skermanella",0.013345],["Hyphomicrobium",0.007608],["Steroidobacter",0.004042],["Baekduia",0.003932],["Vitreimonas",0.003322],["Miltoncostaea",0.002536],["Sandaracinobacter",0.002481]],"more":59},"1d":{"top":[["Streptomyces",0.018074],["Bacillus",0.015272],["Acinetobacter",0.013533],["Sphingomonas",0.009402],["Paenibacillus",0.005936],["Devosia",0.005914],["Patulibacter",0.004718],["Xanthobacter",0.003411]],"more":32},"2":{"top":[["Vicinamibacter",0.063967],["Gaiella",0.032549],["Brevitalea",0.029315],["Luteitalea",0.022393],["Streptomyces",0.018074],["Niabella",0.0168],["Parviterribacter",0.014165],["Terrimonas",0.013843]],"more":377},"3a":{"top":[["Nitrososphaera",0.088841],["Gaiella",0.032549],["Luteitalea",0.022393],["Streptomyces",0.018074],["Niabella",0.0168],["Bacillus",0.015272],["Terrimonas",0.013843],["Acinetobacter",0.013533]],"more":345},"3b":{"top":[["Longilinea",0.030865],["Luteitalea",0.022393],["Streptomyces",0.018074],["Niabella",0.0168],["Bacillus",0.015272],["Terrimonas",0.013843],["Flavisolibacter",0.009724],["Ferruginibacter",0.009602]],"more":216},"3c":{"top":[["Streptomyces",0.018074],["Acinetobacter",0.013533],["Kribbella",0.002137],["Methyloferula",0.000521],["Cupriavidus",0.000509],["Adhaeretor",0.000476],["Rhodococcoides",0.000454],["Pseudoalteromonas",0.000377]],"more":6},"3d":{"top":[["Gaiella",0.032549],["Longilinea",0.030865],["Luteitalea",0.022393],["Streptomyces",0.018074],["Niabella",0.0168],["Bacillus",0.015272],["Terrimonas",0.013843],["Acinetobacter",0.013533]],"more":344},"4":{"top":[["Longilinea",0.030865],["Nordella",0.007464],["Aeoliella",0.005139],["Lacipirellula",0.00484],["Lignipirellula",0.003289],["Polyangium",0.002713],["Sulfuritortus",0.002304],["Limnoglobus",0.002215]],"more":44},"5":{"top":[["Methylobacterium",0.002148],["Novimethylophilus",0.000565]],"more":0},"6":{"top":[["Ferrimicrobium",0.000277],["Geoalkalibacter",0.000122],["Ferrithrix",0.000111]],"more":0},"7":{"top":[["Vicinamibacter",0.063967],["Brevitalea",0.029315],["Luteitalea",0.022393],["Streptomyces",0.018074],["Bacillus",0.015272],["Parviterribacter",0.014165],["Acinetobacter",0.013533],["Skermanella",0.013345]],"more":244},"8":{"top":[["Streptomyces",0.018074],["Paenibacillus",0.005936],["Pseudomonas",0.001285],["Nocardiopsis",0.000365]],"more":0},"9":{"top":[["Rhodopseudomonas",0.004563],["Sandaracinobacter",0.002481],["Thiorhodococcus",0.002436],["Methylobacterium",0.002148],["Clostridium",0.001772],["Caldichromatium",0.001096],["Roseiarcus",0.000808],["Heliophilum",0.000731]],"more":6},"10":{"top":[["Nitrososphaera",0.088841],["Gaiella",0.032549],["Longilinea",0.030865],["Luteitalea",0.022393],["Streptomyces",0.018074],["Niabella",0.0168],["Bacillus",0.015272],["Parviterribacter",0.014165]],"more":292},"12":{"top":[["Skermanella",0.013345],["Paenibacillus",0.005936],["Aliidongia",0.000266]],"more":0}}