{"1a":{"top":[["Rhodopseudomonas",0.005339],["Xanthobacter",0.001492],["Roseicella",0.000812],["Shumkonia",0.000761],["Aquabacter",0.000416],["Roseiarcus",0.000355],["Heliophilum",0.000355]],"more":0},"1b":{"top":[["Nitrososphaera",0.074097],["Rhodoplanes",0.005501],["Nitrospira",0.003197],["Nitrosococcus",0.001908],["Lacipirellula",0.001857],["Shumkonia",0.000761],["Iamia",0.00067],["Nitrosomonas",0.000213]],"more":1},"1c":{"top":[["Skermanella",0.028786],["Bacillus",0.009216],["Limibacillus",0.005116],["Baekduia",0.004639],["Steroidobacter",0.002619],["Mycolicibacterium",0.002497],["Rubrivivax",0.002385],["Rhodocytophaga",0.00201]],"more":52},"1d":{"top":[["Sphingomonas",0.02907],["Streptomyces",0.019113],["Bacillus",0.009216],["Herminiimonas",0.006354],["Devosia",0.004344],["Acinetobacter",0.003999],["Methylobacterium",0.003898],["Simplicispira",0.003248]],"more":34},"2":{"top":[["Gaiella",0.044184],["Flavisolibacter",0.043544],["Vicinamibacter",0.030999],["Sphingomonas",0.02907],["Skermanella",0.028786],["Microvirga",0.024229],["Nocardioides",0.019133],["Streptomyces",0.019113]],"more":378},"3a":{"top":[["Nitrososphaera",0.074097],["Gaiella",0.044184],["Flavisolibacter",0.043544],["Sphingomonas",0.02907],["Skermanella",0.028786],["Microvirga",0.024229],["Roseiflexus",0.019306],["Nocardioides",0.019133]],"more":341},"3b":{"top":[["Flavisolibacter",0.043544],["Sphingomonas",0.02907],["Nocardioides",0.019133],["Streptomyces",0.019113],["Luteitalea",0.015916],["Noviherbaspirillum",0.014626],["Segetibacter",0.014525],["Gemmatimonas",0.013348]],"more":220},"3c":{"top":[["Streptomyces",0.019113],["Acinetobacter",0.003999],["Kribbella",0.002375],["Rhodococcoides",0.000893],["Methyloferula",0.000792],["Marinobacter",0.000345],["Methylococcus",0.000315],["Delftia",0.000305]],"more":3},"3d":{"top":[["Gaiella",0.044184],["Flavisolibacter",0.043544],["Sphingomonas",0.02907],["Skermanella",0.028786],["Microvirga",0.024229],["Roseiflexus",0.019306],["Nocardioides",0.019133],["Streptomyces",0.019113]],"more":342},"4":{"top":[["Longilinea",0.005451],["Kallotenue",0.003553],["Nordella",0.002538],["Tautonia",0.002375],["Urbifossiella",0.002121],["Polyangium",0.001898],["Lignipirellula",0.001857],["Lacipirellula",0.001857]],"more":38},"5":{"top":[["Methylobacterium",0.003898]],"more":0},"6":{"top":[["Ferrimicrobium",0.000558]],"more":0},"7":{"top":[["Flavisolibacter",0.043544],["Vicinamibacter",0.030999],["Sphingomonas",0.02907],["Skermanella",0.028786],["Microvirga",0.024229],["Nocardioides",0.019133],["Streptomyces",0.019113],["Luteitalea",0.015916]],"more":250},"8":{"top":[["Streptomyces",0.019113],["Paenibacillus",0.003157],["Nocardiopsis",0.000985],["Herbaspirillum",0.000254],["Microbispora",0.000162]],"more":0},"9":{"top":[["Rhodopseudomonas",0.005339],["Methylobacterium",0.003898],["Clostridium",0.001989],["Caldichromatium",0.001512],["Sandaracinobacter",0.001451],["Dankookia",0.001289],["Roseicella",0.000812],["Falsiroseomonas",0.000782]],"more":5},"10":{"top":[["Nitrososphaera",0.074097],["Gaiella",0.044184],["Flavisolibacter",0.043544],["Skermanella",0.028786],["Roseiflexus",0.019306],["Nocardioides",0.019133],["Streptomyces",0.019113],["Luteitalea",0.015916]],"more":288},"12":{"top":[["Skermanella",0.028786],["Paenibacillus",0.003157],["Microbacterium",0.001878],["Aliidongia",0.000579]],"more":0}}