{"1a":{"top":[["Rhodopseudomonas",0.003592],["Xanthobacter",0.002691],["Roseiarcus",0.001007],["Heliophilum",0.000398],["Aquabacter",0.000358],["Pararhodospirillum",0.000292],["Roseicella",0.000252]],"more":0},"1b":{"top":[["Nitrososphaera",0.112674],["Lacipirellula",0.008192],["Rhodoplanes",0.007715],["Nitrospira",0.005475],["Nitrosococcus",0.00224],["Sulfurivermis",0.001723],["Iamia",0.000968],["Georgfuchsia",0.000331]],"more":2},"1c":{"top":[["Skermanella",0.025955],["Bacillus",0.009359],["Hyphomicrobium",0.004838],["Baekduia",0.003698],["Miltoncostaea",0.002823],["Steroidobacter",0.002293],["Clostridium",0.002108],["Sulfurivermis",0.001723]],"more":42},"1d":{"top":[["Sphingomonas",0.015138],["Streptomyces",0.011241],["Bacillus",0.009359],["Devosia",0.006151],["Acinetobacter",0.005475],["Patulibacter",0.004586],["Paenibacillus",0.003791],["Herminiimonas",0.003075]],"more":31},"2":{"top":[["Brevitalea",0.129707],["Vicinamibacter",0.037196],["Skermanella",0.025955],["Gaiella",0.024616],["Flavisolibacter",0.020175],["Microvirga",0.020043],["Parviterribacter",0.017816],["Tepidisphaera",0.016702]],"more":328},"3a":{"top":[["Nitrososphaera",0.112674],["Skermanella",0.025955],["Gaiella",0.024616],["Flavisolibacter",0.020175],["Microvirga",0.020043],["Luteitalea",0.016676],["Sphingomonas",0.015138],["Streptomyces",0.011241]],"more":297},"3b":{"top":[["Flavisolibacter",0.020175],["Longilinea",0.020029],["Luteitalea",0.016676],["Sphingomonas",0.015138],["Streptomyces",0.011241],["Nocardioides",0.010538],["Bacillus",0.009359],["Lacipirellula",0.008192]],"more":194},"3c":{"top":[["Streptomyces",0.011241],["Acinetobacter",0.005475],["Kribbella",0.001286],["Novosphingobium",0.001021],["Rhodococcoides",0.000769],["Hydrocarboniphaga",0.00057],["Methyloferula",0.000437],["Georgfuchsia",0.000331]],"more":3},"3d":{"top":[["Skermanella",0.025955],["Gaiella",0.024616],["Flavisolibacter",0.020175],["Microvirga",0.020043],["Longilinea",0.020029],["Luteitalea",0.016676],["Sphingomonas",0.015138],["Streptomyces",0.011241]],"more":295},"4":{"top":[["Longilinea",0.020029],["Lacipirellula",0.008192],["Kallotenue",0.003195],["Lignipirellula",0.002545],["Polyangium",0.002121],["Aeoliella",0.001922],["Tautonia",0.001869],["Sulfurivermis",0.001723]],"more":36},"5":{"top":[["Methylobacterium",0.001352]],"more":0},"6":{"top":[["Ferrimicrobium",0.000424],["Georgfuchsia",0.000331]],"more":0},"7":{"top":[["Brevitalea",0.129707],["Vicinamibacter",0.037196],["Skermanella",0.025955],["Flavisolibacter",0.020175],["Microvirga",0.020043],["Parviterribacter",0.017816],["Luteitalea",0.016676],["Sphingomonas",0.015138]],"more":213},"8":{"top":[["Streptomyces",0.011241],["Pseudomonas",0.004056],["Paenibacillus",0.003791],["Nocardiopsis",0.000371]],"more":0},"9":{"top":[["Rhodopseudomonas",0.003592],["Clostridium",0.002108],["Sulfurivermis",0.001723],["Caldichromatium",0.001644],["Methylobacterium",0.001352],["Roseiarcus",0.001007],["Sandaracinobacter",0.000769],["Dankookia",0.000729]],"more":5},"10":{"top":[["Nitrososphaera",0.112674],["Skermanella",0.025955],["Gaiella",0.024616],["Flavisolibacter",0.020175],["Longilinea",0.020029],["Parviterribacter",0.017816],["Luteitalea",0.016676],["Streptomyces",0.011241]],"more":251},"12":{"top":[["Skermanella",0.025955],["Paenibacillus",0.003791]],"more":0}}