{"1a":{"top":[["Rhodopseudomonas",0.004998],["Xanthobacter",0.002811],["Roseiarcus",0.000709],["Shumkonia",0.000697],["Heliophilum",0.00055],["Aquabacter",0.000538],["Pararhodospirillum",0.000367],["Roseicella",0.000342]],"more":0},"1b":{"top":[["Nitrososphaera",0.095804],["Rhodoplanes",0.007051],["Nitrospira",0.004472],["Lacipirellula",0.003483],["Nitrosococcus",0.001747],["Iamia",0.001308],["Shumkonia",0.000697],["Nitrosomonas",0.000208]],"more":0},"1c":{"top":[["Skermanella",0.028619],["Bacillus",0.012037],["Baekduia",0.004692],["Miltoncostaea",0.004045],["Hyphomicrobium",0.00369],["Steroidobacter",0.003629],["Mycolicibacterium",0.002811],["Clostridium",0.002273]],"more":58},"1d":{"top":[["Streptomyces",0.023511],["Sphingomonas",0.021727],["Bacillus",0.012037],["Acinetobacter",0.00666],["Herminiimonas",0.00556],["Devosia",0.004839],["Patulibacter",0.004717],["Paenibacillus",0.004033]],"more":31},"2":{"top":[["Vicinamibacter",0.043686],["Gaiella",0.036708],["Skermanella",0.028619],["Flavisolibacter",0.025185],["Streptomyces",0.023511],["Luteitalea",0.022631],["Sphingomonas",0.021727],["Microvirga",0.020798]],"more":367},"3a":{"top":[["Nitrososphaera",0.095804],["Gaiella",0.036708],["Skermanella",0.028619],["Flavisolibacter",0.025185],["Streptomyces",0.023511],["Luteitalea",0.022631],["Sphingomonas",0.021727],["Microvirga",0.020798]],"more":328},"3b":{"top":[["Flavisolibacter",0.025185],["Streptomyces",0.023511],["Luteitalea",0.022631],["Sphingomonas",0.021727],["Legionella",0.017181],["Nocardioides",0.015446],["Longilinea",0.013222],["Bacillus",0.012037]],"more":209},"3c":{"top":[["Streptomyces",0.023511],["Acinetobacter",0.00666],["Kribbella",0.002383],["Methyloferula",0.00099],["Rhodococcoides",0.000843],["Hydrocarboniphaga",0.000452],["Methylococcus",0.000281],["Pseudoalteromonas",0.000269]],"more":3},"3d":{"top":[["Gaiella",0.036708],["Skermanella",0.028619],["Flavisolibacter",0.025185],["Streptomyces",0.023511],["Luteitalea",0.022631],["Sphingomonas",0.021727],["Microvirga",0.020798],["Legionella",0.017181]],"more":327},"4":{"top":[["Longilinea",0.013222],["Lacipirellula",0.003483],["Lignipirellula",0.003348],["Nordella",0.002664],["Kallotenue",0.002615],["Tautonia",0.002358],["Polyangium",0.002028],["Urbifossiella",0.001955]],"more":40},"5":{"top":[["Methylobacterium",0.0038]],"more":0},"6":{"top":[["Ferrimicrobium",0.000562]],"more":0},"7":{"top":[["Vicinamibacter",0.043686],["Skermanella",0.028619],["Flavisolibacter",0.025185],["Streptomyces",0.023511],["Luteitalea",0.022631],["Sphingomonas",0.021727],["Microvirga",0.020798],["Brevitalea",0.018037]],"more":236},"8":{"top":[["Streptomyces",0.023511],["Paenibacillus",0.004033],["Pseudomonas",0.001723],["Nocardiopsis",0.000574]],"more":0},"9":{"top":[["Rhodopseudomonas",0.004998],["Methylobacterium",0.0038],["Clostridium",0.002273],["Sandaracinobacter",0.001906],["Caldichromatium",0.001234],["Dankookia",0.001026],["Roseiarcus",0.000709],["Heliophilum",0.00055]],"more":5},"10":{"top":[["Nitrososphaera",0.095804],["Gaiella",0.036708],["Skermanella",0.028619],["Flavisolibacter",0.025185],["Streptomyces",0.023511],["Luteitalea",0.022631],["Parviterribacter",0.017829],["Nocardioides",0.015446]],"more":275},"12":{"top":[["Skermanella",0.028619],["Paenibacillus",0.004033],["Aliidongia",0.000171]],"more":0}}