{"1a":{"top":[["Rhodopseudomonas",0.005548],["Endothiovibrio",0.00307],["Xanthobacter",0.002381],["Roseiarcus",0.001124],["Shumkonia",0.000653],["Azospira",0.000363],["Heliophilum",0.000338],["Aquabacter",0.000169]],"more":0},"1b":{"top":[["Nitrososphaera",0.060579],["Nitrospira",0.013573],["Rhodoplanes",0.008328],["Lacipirellula",0.003263],["Nitrosococcus",0.00191],["Iamia",0.00116],["Shumkonia",0.000653],["Nitrosomonas",0.000653]],"more":3},"1c":{"top":[["Skermanella",0.018251],["Steroidobacter",0.006321],["Bacillus",0.005971],["Sandaracinobacter",0.004847],["Sulfuritortus",0.004267],["Baekduia",0.00388],["Hyphomicrobium",0.003771],["Limnoglobus",0.003034]],"more":47},"1d":{"top":[["Streptomyces",0.016801],["Sphingomonas",0.012389],["Acinetobacter",0.01031],["Paenibacillus",0.00753],["Bacillus",0.005971],["Devosia",0.00527],["Herminiimonas",0.003312],["Thiorhodococcus",0.00307]],"more":32},"2":{"top":[["Vicinamibacter",0.068907],["Legionella",0.024222],["Luteitalea",0.021732],["Gaiella",0.020826],["Brevitalea",0.020765],["Flavisolibacter",0.018976],["Skermanella",0.018251],["Povalibacter",0.017332]],"more":375},"3a":{"top":[["Nitrososphaera",0.060579],["Luteitalea",0.021732],["Gaiella",0.020826],["Flavisolibacter",0.018976],["Skermanella",0.018251],["Streptomyces",0.016801],["Microvirga",0.015725],["Sphingomonas",0.012389]],"more":342},"3b":{"top":[["Longilinea",0.032368],["Legionella",0.024222],["Luteitalea",0.021732],["Flavisolibacter",0.018976],["Streptomyces",0.016801],["Sphingomonas",0.012389],["Metabacillus",0.010963],["Terrimonas",0.010334]],"more":213},"3c":{"top":[["Streptomyces",0.016801],["Acinetobacter",0.01031],["Kribbella",0.00197],["Cupriavidus",0.001922],["Rhodococcoides",0.000713],["Pseudoalteromonas",0.000568],["Adhaeretor",0.000483],["Georgfuchsia",0.000423]],"more":5},"3d":{"top":[["Longilinea",0.032368],["Legionella",0.024222],["Luteitalea",0.021732],["Gaiella",0.020826],["Flavisolibacter",0.018976],["Skermanella",0.018251],["Streptomyces",0.016801],["Microvirga",0.015725]],"more":340},"4":{"top":[["Longilinea",0.032368],["Nordella",0.00915],["Sulfuritortus",0.004267],["Aeoliella",0.003964],["Hypericibacter",0.003674],["Lacipirellula",0.003263],["Lignipirellula",0.003251],["Endothiovibrio",0.00307]],"more":48},"5":{"top":[["Methylobacterium",0.002055]],"more":0},"6":{"top":[["Georgfuchsia",0.000423],["Ferrimicrobium",0.000205]],"more":0},"7":{"top":[["Vicinamibacter",0.068907],["Legionella",0.024222],["Luteitalea",0.021732],["Brevitalea",0.020765],["Flavisolibacter",0.018976],["Skermanella",0.018251],["Streptomyces",0.016801],["Microvirga",0.015725]],"more":239},"8":{"top":[["Streptomyces",0.016801],["Paenibacillus",0.00753],["Pseudomonas",0.00556],["Nocardiopsis",0.000351]],"more":0},"9":{"top":[["Rhodopseudomonas",0.005548],["Sandaracinobacter",0.004847],["Thiorhodococcus",0.00307],["Endothiovibrio",0.00307],["Methylobacterium",0.002055],["Caldichromatium",0.001571],["Roseiarcus",0.001124],["Dankookia",0.00052]],"more":7},"10":{"top":[["Nitrososphaera",0.060579],["Longilinea",0.032368],["Luteitalea",0.021732],["Gaiella",0.020826],["Flavisolibacter",0.018976],["Skermanella",0.018251],["Streptomyces",0.016801],["Nitrospira",0.013573]],"more":293},"12":{"top":[["Skermanella",0.018251],["Paenibacillus",0.00753],["Aliidongia",0.000447]],"more":0}}