{"1a":{"top":[["Xanthobacter",0.002061],["Roseiarcus",0.00056],["Heliophilum",0.000355],["Roseicella",0.000287],["Shumkonia",0.000218],["Aquabacter",0.000205]],"more":0},"1b":{"top":[["Nitrososphaera",0.073242],["Nitrospira",0.011477],["Rhodoplanes",0.009157],["Lacipirellula",0.006005],["Nitrosococcus",0.001583],["Iamia",0.001283],["Nitrosomonas",0.000546],["Enhygromyxa",0.000232]],"more":1},"1c":{"top":[["Skermanella",0.017536],["Bacillus",0.006933],["Steroidobacter",0.006441],["Hyphomicrobium",0.004708],["Baekduia",0.003343],["Sulfuritortus",0.003193],["Sandaracinobacter",0.002811],["Clostridium",0.002538]],"more":50},"1d":{"top":[["Streptomyces",0.017509],["Acinetobacter",0.015694],["Sphingomonas",0.015653],["Bacillus",0.006933],["Paenibacillus",0.006673],["Devosia",0.005964],["Rhizobium",0.004722],["Ramlibacter",0.003753]],"more":28},"2":{"top":[["Vicinamibacter",0.055324],["Gaiella",0.023268],["Luteitalea",0.022722],["Flavisolibacter",0.021098],["Brevitalea",0.019938],["Microvirga",0.019255],["Skermanella",0.017536],["Streptomyces",0.017509]],"more":353},"3a":{"top":[["Nitrososphaera",0.073242],["Gaiella",0.023268],["Luteitalea",0.022722],["Flavisolibacter",0.021098],["Microvirga",0.019255],["Skermanella",0.017536],["Streptomyces",0.017509],["Acinetobacter",0.015694]],"more":320},"3b":{"top":[["Luteitalea",0.022722],["Longilinea",0.021589],["Flavisolibacter",0.021098],["Streptomyces",0.017509],["Sphingomonas",0.015653],["Terrimonas",0.011777],["Niastella",0.010849],["Peribacillus",0.010153]],"more":208},"3c":{"top":[["Streptomyces",0.017509],["Acinetobacter",0.015694],["Methyloferula",0.000573],["Pseudoalteromonas",0.00056],["Adhaeretor",0.000491],["Rhodococcoides",0.000423],["Methylococcus",0.000273],["Marinobacter",0.000177]],"more":0},"3d":{"top":[["Gaiella",0.023268],["Luteitalea",0.022722],["Longilinea",0.021589],["Flavisolibacter",0.021098],["Microvirga",0.019255],["Skermanella",0.017536],["Streptomyces",0.017509],["Acinetobacter",0.015694]],"more":315},"4":{"top":[["Longilinea",0.021589],["Lacipirellula",0.006005],["Nordella",0.005786],["Lignipirellula",0.005581],["Sulfuritortus",0.003193],["Aeoliella",0.003166],["Anderseniella",0.002661],["Urbifossiella",0.002484]],"more":41},"5":{"top":[["Methylobacterium",0.002183]],"more":0},"6":{"top":[["Ferrimicrobium",0.00045],["Anaeromicrobium",0.000246]],"more":0},"7":{"top":[["Vicinamibacter",0.055324],["Luteitalea",0.022722],["Flavisolibacter",0.021098],["Brevitalea",0.019938],["Microvirga",0.019255],["Skermanella",0.017536],["Streptomyces",0.017509],["Acinetobacter",0.015694]],"more":230},"8":{"top":[["Streptomyces",0.017509],["Paenibacillus",0.006673],["Pseudomonas",0.002907],["Nocardiopsis",0.000491]],"more":0},"9":{"top":[["Sandaracinobacter",0.002811],["Clostridium",0.002538],["Methylobacterium",0.002183],["Thiorhodococcus",0.001992],["Caldichromatium",0.001419],["Roseiarcus",0.00056],["Dankookia",0.000478],["Falsiroseomonas",0.000409]],"more":3},"10":{"top":[["Nitrososphaera",0.073242],["Gaiella",0.023268],["Luteitalea",0.022722],["Longilinea",0.021589],["Flavisolibacter",0.021098],["Skermanella",0.017536],["Streptomyces",0.017509],["Acinetobacter",0.015694]],"more":271},"12":{"top":[["Skermanella",0.017536],["Paenibacillus",0.006673],["Aliidongia",0.000519]],"more":0}}