{"1a":{"top":[["Rhodopseudomonas",0.00779],["Xanthobacter",0.002402],["Shumkonia",0.001289],["Heliophilum",0.000679],["Roseicella",0.000624],["Roseiarcus",0.000421],["Aquabacter",0.000258]],"more":0},"1b":{"top":[["Nitrososphaera",0.069012],["Nitrospira",0.007505],["Rhodoplanes",0.003719],["Lacipirellula",0.003529],["Nitrosococcus",0.001968],["Shumkonia",0.001289],["Iamia",0.001045],["Nitrosomonas",0.000502]],"more":1},"1c":{"top":[["Skermanella",0.029423],["Bacillus",0.010396],["Steroidobacter",0.008917],["Baekduia",0.004506],["Miltoncostaea",0.003108],["Hyphomicrobium",0.002999],["Terribium",0.002674],["Sandaracinobacter",0.002606]],"more":41},"1d":{"top":[["Streptomyces",0.031717],["Sphingomonas",0.019109],["Bacillus",0.010396],["Acinetobacter",0.009093],["Herminiimonas",0.007478],["Devosia",0.005931],["Methylobacterium",0.005714],["Patulibacter",0.004424]],"more":28},"2":{"top":[["Vicinamibacter",0.045954],["Gaiella",0.03568],["Streptomyces",0.031717],["Skermanella",0.029423],["Flavisolibacter",0.022855],["Microvirga",0.022597],["Luteitalea",0.020072],["Brevitalea",0.01972]],"more":340},"3a":{"top":[["Nitrososphaera",0.069012],["Gaiella",0.03568],["Streptomyces",0.031717],["Skermanella",0.029423],["Flavisolibacter",0.022855],["Microvirga",0.022597],["Luteitalea",0.020072],["Sphingomonas",0.019109]],"more":306},"3b":{"top":[["Streptomyces",0.031717],["Flavisolibacter",0.022855],["Luteitalea",0.020072],["Sphingomonas",0.019109],["Segetibacter",0.015594],["Nocardioides",0.01463],["Bacillus",0.010396],["Gemmatimonas",0.010328]],"more":194},"3c":{"top":[["Streptomyces",0.031717],["Acinetobacter",0.009093],["Novosphingobium",0.003298],["Kribbella",0.003216],["Rhodococcoides",0.000787],["Rhodococcus",0.00057],["Methyloferula",0.000543],["Methylococcus",0.000421]],"more":4},"3d":{"top":[["Gaiella",0.03568],["Streptomyces",0.031717],["Skermanella",0.029423],["Flavisolibacter",0.022855],["Microvirga",0.022597],["Luteitalea",0.020072],["Sphingomonas",0.019109],["Segetibacter",0.015594]],"more":309},"4":{"top":[["Longilinea",0.005035],["Lacipirellula",0.003529],["Tautonia",0.003081],["Lignipirellula",0.002972],["Polyangium",0.002674],["Hypericibacter",0.002579],["Nordella",0.002484],["Kallotenue",0.002456]],"more":36},"5":{"top":[["Methylobacterium",0.005714]],"more":0},"6":{"top":[["Ferrimicrobium",0.000638]],"more":0},"7":{"top":[["Vicinamibacter",0.045954],["Streptomyces",0.031717],["Skermanella",0.029423],["Flavisolibacter",0.022855],["Microvirga",0.022597],["Luteitalea",0.020072],["Brevitalea",0.01972],["Sphingomonas",0.019109]],"more":222},"8":{"top":[["Streptomyces",0.031717],["Paenibacillus",0.004207],["Nocardiopsis",0.000869]],"more":0},"9":{"top":[["Rhodopseudomonas",0.00779],["Methylobacterium",0.005714],["Sandaracinobacter",0.002606],["Clostridium",0.001941],["Dankookia",0.001547],["Caldichromatium",0.001466],["Acanthopleuribacter",0.000841],["Heliophilum",0.000679]],"more":6},"10":{"top":[["Nitrososphaera",0.069012],["Gaiella",0.03568],["Streptomyces",0.031717],["Skermanella",0.029423],["Flavisolibacter",0.022855],["Luteitalea",0.020072],["Segetibacter",0.015594],["Nocardioides",0.01463]],"more":255},"12":{"top":[["Skermanella",0.029423],["Paenibacillus",0.004207],["Roseateles",0.002307],["Aliidongia",0.000584]],"more":0}}