{"1a":{"top":[["Rhodopseudomonas",0.005896],["Xanthobacter",0.001779],["Shumkonia",0.000932],["Aquabacter",0.000593],["Roseicella",0.000508],["Roseiarcus",0.000441],["Heliophilum",0.000373]],"more":0},"1b":{"top":[["Nitrososphaera",0.070076],["Rhodoplanes",0.00654],["Nitrospira",0.006015],["Lacipirellula",0.003592],["Nitrosococcus",0.003253],["Shumkonia",0.000932],["Iamia",0.000813],["Nitrosomonas",0.000559]],"more":1},"1c":{"top":[["Skermanella",0.031598],["Bacillus",0.017146],["Baekduia",0.005151],["Steroidobacter",0.0041],["Mycolicibacterium",0.003727],["Clostridium",0.003406],["Hyphomicrobium",0.002694],["Caldichromatium",0.00205]],"more":34},"1d":{"top":[["Sphingomonas",0.018163],["Streptomyces",0.017282],["Bacillus",0.017146],["Rhizobium",0.008861],["Herminiimonas",0.007455],["Methylobacterium",0.005625],["Devosia",0.005337],["Acinetobacter",0.004541]],"more":23},"2":{"top":[["Flavisolibacter",0.046135],["Vicinamibacter",0.044509],["Skermanella",0.031598],["Microvirga",0.029684],["Gaiella",0.025448],["Luteitalea",0.023432],["Tepidisphaera",0.018908],["Sphingomonas",0.018163]],"more":306},"3a":{"top":[["Nitrososphaera",0.070076],["Flavisolibacter",0.046135],["Skermanella",0.031598],["Microvirga",0.029684],["Gaiella",0.025448],["Luteitalea",0.023432],["Sphingomonas",0.018163],["Streptomyces",0.017282]],"more":276},"3b":{"top":[["Flavisolibacter",0.046135],["Luteitalea",0.023432],["Sphingomonas",0.018163],["Streptomyces",0.017282],["Bacillus",0.017146],["Gemmatimonas",0.014893],["Flavitalea",0.012199],["Nocardioides",0.012148]],"more":182},"3c":{"top":[["Streptomyces",0.017282],["Novosphingobium",0.005185],["Acinetobacter",0.004541],["Kribbella",0.002389],["Rhodococcus",0.000983],["Methyloferula",0.000881],["Rhodococcoides",0.000779],["Methylococcus",0.000474]],"more":3},"3d":{"top":[["Flavisolibacter",0.046135],["Skermanella",0.031598],["Microvirga",0.029684],["Gaiella",0.025448],["Luteitalea",0.023432],["Sphingomonas",0.018163],["Streptomyces",0.017282],["Bacillus",0.017146]],"more":278},"4":{"top":[["Longilinea",0.007116],["Lignipirellula",0.004083],["Lacipirellula",0.003592],["Kallotenue",0.003592],["Tautonia",0.003338],["Polyangium",0.002406],["Urbifossiella",0.002236],["Nordella",0.00205]],"more":33},"5":{"top":[["Methylobacterium",0.005625],["Novimethylophilus",0.000356]],"more":0},"6":{"top":[["Ferrimicrobium",0.000441]],"more":0},"7":{"top":[["Flavisolibacter",0.046135],["Vicinamibacter",0.044509],["Skermanella",0.031598],["Microvirga",0.029684],["Luteitalea",0.023432],["Sphingomonas",0.018163],["Streptomyces",0.017282],["Bacillus",0.017146]],"more":200},"8":{"top":[["Streptomyces",0.017282],["Paenibacillus",0.004473],["Nocardiopsis",0.000678]],"more":0},"9":{"top":[["Rhodopseudomonas",0.005896],["Methylobacterium",0.005625],["Clostridium",0.003406],["Caldichromatium",0.00205],["Sandaracinobacter",0.001881],["Dankookia",0.000983],["Falsiroseomonas",0.000576],["Roseicella",0.000508]],"more":3},"10":{"top":[["Nitrososphaera",0.070076],["Flavisolibacter",0.046135],["Skermanella",0.031598],["Gaiella",0.025448],["Luteitalea",0.023432],["Streptomyces",0.017282],["Bacillus",0.017146],["Gemmatimonas",0.014893]],"more":235},"12":{"top":[["Skermanella",0.031598],["Paenibacillus",0.004473],["Aliidongia",0.00022]],"more":0}}