{"1a":{"top":[["Rhodopseudomonas",0.006231],["Bradyrhizobium",0.001567],["Roseiarcus",0.00034]],"more":0},"1b":{"top":[["Nitrososphaera",0.115238],["Rhodoplanes",0.010801],["Nitrospira",0.004834],["Lacipirellula",0.004135],["Nitrosococcus",0.002851],["Bradyrhizobium",0.001567],["Iamia",0.000887]],"more":0},"1c":{"top":[["Skermanella",0.01014],["Mesobacillus",0.008214],["Terribium",0.006722],["Marimonas",0.006684],["Caldimonas",0.006005],["Bacillus",0.005495],["Clostridium",0.003927],["Pseudomarimonas",0.003644]],"more":29},"1d":{"top":[["Sphingomonas",0.034403],["Streptomyces",0.018674],["Proteus",0.011915],["Caldimonas",0.006005],["Paenibacillus",0.005835],["Bacillus",0.005495],["Reyranella",0.004003],["Methylobacterium",0.003984]],"more":22},"2":{"top":[["Luteitalea",0.046714],["Sphingomonas",0.034403],["Microvirga",0.031779],["Tepidisphaera",0.029909],["Chthoniobacter",0.026322],["Gemmatimonas",0.024566],["Nocardioides",0.022357],["Rubrobacter",0.02128]],"more":296},"3a":{"top":[["Nitrososphaera",0.115238],["Luteitalea",0.046714],["Sphingomonas",0.034403],["Microvirga",0.031779],["Chthoniobacter",0.026322],["Gemmatimonas",0.024566],["Nocardioides",0.022357],["Rubrobacter",0.02128]],"more":270},"3b":{"top":[["Luteitalea",0.046714],["Sphingomonas",0.034403],["Chthoniobacter",0.026322],["Gemmatimonas",0.024566],["Nocardioides",0.022357],["Rubrobacter",0.02128],["Streptomyces",0.018674],["Nitrolancea",0.012972]],"more":168},"3c":{"top":[["Streptomyces",0.018674],["Pseudoalteromonas",0.005891],["Cupriavidus",0.002625],["Delftia",0.001662],["Acinetobacter",0.001171],["Immundisolibacter",0.000548],["Methylococcus",0.000321],["Methyloferula",0.000245]],"more":0},"3d":{"top":[["Luteitalea",0.046714],["Sphingomonas",0.034403],["Microvirga",0.031779],["Chthoniobacter",0.026322],["Gemmatimonas",0.024566],["Nocardioides",0.022357],["Rubrobacter",0.02128],["Gaiella",0.020034]],"more":278},"4":{"top":[["Proteus",0.011915],["Kallotenue",0.007647],["Urbifossiella",0.006288],["Tautonia",0.005136],["Lacipirellula",0.004135],["Sulfuritortus",0.00304],["Lignipirellula",0.00304],["Tenuibacillus",0.002492]],"more":28},"5":{"top":[["Methylobacterium",0.003984]],"more":0},"6":{"top":[["Ferrimicrobium",0.000529],["Anaeromicrobium",0.000264]],"more":0},"7":{"top":[["Luteitalea",0.046714],["Sphingomonas",0.034403],["Microvirga",0.031779],["Gemmatimonas",0.024566],["Nocardioides",0.022357],["Vicinamibacter",0.018769],["Streptomyces",0.018674],["Brevitalea",0.013652]],"more":200},"8":{"top":[["Streptomyces",0.018674],["Paenibacillus",0.005835],["Pseudomonas",0.001662]],"more":0},"9":{"top":[["Rhodopseudomonas",0.006231],["Methylobacterium",0.003984],["Clostridium",0.003927],["Caldichromatium",0.003285],["Thiorhodococcus",0.002379],["Falsiroseomonas",0.002228],["Dankookia",0.000982],["Chloroflexus",0.000585]],"more":3},"10":{"top":[["Nitrososphaera",0.115238],["Luteitalea",0.046714],["Gemmatimonas",0.024566],["Nocardioides",0.022357],["Rubrobacter",0.02128],["Gaiella",0.020034],["Streptomyces",0.018674],["Nitrolancea",0.012972]],"more":233},"12":{"top":[["Skermanella",0.01014],["Paenibacillus",0.005835],["Roseateles",0.001926],["Microbacterium",0.000585]],"more":0}}