{"1a":{"top":[["Rhodopseudomonas",0.00862],["Xanthobacter",0.002187],["Roseiarcus",0.000678],["Aquabacter",0.00046],["Roseicella",0.00046],["Shumkonia",0.000384],["Heliophilum",0.00023]],"more":0},"1b":{"top":[["Nitrososphaera",0.056723],["Rhodoplanes",0.006932],["Lacipirellula",0.005743],["Nitrospira",0.005551],["Nitrosococcus",0.0033],["Iamia",0.000563],["Shumkonia",0.000384],["Enhygromyxa",0.00032]],"more":1},"1c":{"top":[["Skermanella",0.024045],["Bacillus",0.014721],["Hyphomicrobium",0.004553],["Baekduia",0.004259],["Steroidobacter",0.004169],["Miltoncostaea",0.003108],["Caldimonas",0.002571],["Clostridium",0.002161]],"more":49},"1d":{"top":[["Sphingomonas",0.021756],["Streptomyces",0.019684],["Bacillus",0.014721],["Acinetobacter",0.006382],["Paenibacillus",0.005691],["Devosia",0.005231],["Rhizobium",0.005103],["Methylobacterium",0.004873]],"more":30},"2":{"top":[["Vicinamibacter",0.052042],["Gaiella",0.030683],["Flavisolibacter",0.029122],["Skermanella",0.024045],["Luteitalea",0.022229],["Microvirga",0.022152],["Sphingomonas",0.021756],["Brevitalea",0.021704]],"more":372},"3a":{"top":[["Nitrososphaera",0.056723],["Gaiella",0.030683],["Flavisolibacter",0.029122],["Skermanella",0.024045],["Luteitalea",0.022229],["Microvirga",0.022152],["Sphingomonas",0.021756],["Streptomyces",0.019684]],"more":335},"3b":{"top":[["Flavisolibacter",0.029122],["Luteitalea",0.022229],["Sphingomonas",0.021756],["Streptomyces",0.019684],["Nocardioides",0.014772],["Bacillus",0.014721],["Terrimonas",0.011575],["Gemmatimonas",0.010321]],"more":216},"3c":{"top":[["Streptomyces",0.019684],["Acinetobacter",0.006382],["Novosphingobium",0.003824],["Kribbella",0.002085],["Rhodococcoides",0.000972],["Methyloferula",0.000716],["Adhaeretor",0.000333],["Pseudoalteromonas",0.000294]],"more":6},"3d":{"top":[["Gaiella",0.030683],["Flavisolibacter",0.029122],["Skermanella",0.024045],["Luteitalea",0.022229],["Microvirga",0.022152],["Sphingomonas",0.021756],["Streptomyces",0.019684],["Nocardioides",0.014772]],"more":333},"4":{"top":[["Longilinea",0.007405],["Lacipirellula",0.005743],["Lignipirellula",0.004707],["Nordella",0.004464],["Aeoliella",0.003108],["Tautonia",0.003031],["Urbifossiella",0.002711],["Anderseniella",0.002635]],"more":43},"5":{"top":[["Methylobacterium",0.004873],["Novimethylophilus",0.000371]],"more":0},"6":{"top":[["Ferrimicrobium",0.000435]],"more":0},"7":{"top":[["Vicinamibacter",0.052042],["Flavisolibacter",0.029122],["Skermanella",0.024045],["Luteitalea",0.022229],["Microvirga",0.022152],["Sphingomonas",0.021756],["Brevitalea",0.021704],["Streptomyces",0.019684]],"more":243},"8":{"top":[["Streptomyces",0.019684],["Paenibacillus",0.005691],["Nocardiopsis",0.000537]],"more":0},"9":{"top":[["Rhodopseudomonas",0.00862],["Methylobacterium",0.004873],["Clostridium",0.002161],["Sandaracinobacter",0.001842],["Caldichromatium",0.001432],["Dankookia",0.000831],["Roseiarcus",0.000678],["Roseicella",0.00046]],"more":5},"10":{"top":[["Nitrososphaera",0.056723],["Gaiella",0.030683],["Flavisolibacter",0.029122],["Skermanella",0.024045],["Luteitalea",0.022229],["Streptomyces",0.019684],["Nocardioides",0.014772],["Bacillus",0.014721]],"more":282},"12":{"top":[["Skermanella",0.024045],["Paenibacillus",0.005691],["Roseateles",0.002302],["Aliidongia",0.000448]],"more":0}}