{"1a":{"top":[["Rhodopseudomonas",0.006048],["Xanthobacter",0.002838],["Roseiarcus",0.001039],["Aquabacter",0.000527],["Heliophilum",0.000527],["Shumkonia",0.000419],["Pararhodospirillum",0.000403],["Roseicella",0.000264]],"more":0},"1b":{"top":[["Nitrososphaera",0.097767],["Nitrospira",0.007336],["Rhodoplanes",0.006808],["Lacipirellula",0.005413],["Nitrosococcus",0.00397],["Nitrosomonas",0.000481],["Enhygromyxa",0.00045],["Iamia",0.00045]],"more":1},"1c":{"top":[["Bacillus",0.018176],["Skermanella",0.01768],["Hyphomicrobium",0.005195],["Steroidobacter",0.004327],["Baekduia",0.003676],["Limnoglobus",0.002745],["Miltoncostaea",0.002636],["Clostridium",0.002481]],"more":44},"1d":{"top":[["Streptomyces",0.019215],["Bacillus",0.018176],["Rhizobium",0.013105],["Sphingomonas",0.012391],["Acinetobacter",0.010794],["Devosia",0.00625],["Paenibacillus",0.006157],["Methylobacterium",0.003893]],"more":25},"2":{"top":[["Vicinamibacter",0.061275],["Gaiella",0.03035],["Brevitalea",0.023061],["Legionella",0.021526],["Streptomyces",0.019215],["Luteitalea",0.018176],["Flavisolibacter",0.017804],["Skermanella",0.01768]],"more":332},"3a":{"top":[["Nitrososphaera",0.097767],["Gaiella",0.03035],["Streptomyces",0.019215],["Luteitalea",0.018176],["Bacillus",0.018176],["Flavisolibacter",0.017804],["Skermanella",0.01768],["Microvirga",0.015012]],"more":297},"3b":{"top":[["Legionella",0.021526],["Streptomyces",0.019215],["Luteitalea",0.018176],["Bacillus",0.018176],["Flavisolibacter",0.017804],["Longilinea",0.017447],["Sphingomonas",0.012391],["Terrimonas",0.009833]],"more":190},"3c":{"top":[["Streptomyces",0.019215],["Acinetobacter",0.010794],["Novosphingobium",0.002559],["Kribbella",0.002249],["Rhodococcoides",0.000667],["Hydrocarboniphaga",0.000465],["Pseudoalteromonas",0.000248],["Adhaeretor",0.000248]],"more":3},"3d":{"top":[["Gaiella",0.03035],["Legionella",0.021526],["Streptomyces",0.019215],["Luteitalea",0.018176],["Bacillus",0.018176],["Flavisolibacter",0.017804],["Skermanella",0.01768],["Longilinea",0.017447]],"more":297},"4":{"top":[["Longilinea",0.017447],["Nordella",0.005444],["Lacipirellula",0.005413],["Lignipirellula",0.004094],["Aeoliella",0.003148],["Limnoglobus",0.002745],["Polyangium",0.002311],["Tautonia",0.002264]],"more":38},"5":{"top":[["Methylobacterium",0.003893],["Novimethylophilus",0.0009],["Pseudomethylobacillus",0.000527]],"more":0},"6":{"top":[["Ferrimicrobium",0.000279]],"more":0},"7":{"top":[["Vicinamibacter",0.061275],["Brevitalea",0.023061],["Legionella",0.021526],["Streptomyces",0.019215],["Luteitalea",0.018176],["Bacillus",0.018176],["Flavisolibacter",0.017804],["Skermanella",0.01768]],"more":212},"8":{"top":[["Streptomyces",0.019215],["Pseudomonas",0.0087],["Paenibacillus",0.006157],["Nocardiopsis",0.00062]],"more":0},"9":{"top":[["Rhodopseudomonas",0.006048],["Methylobacterium",0.003893],["Clostridium",0.002481],["Sandaracinobacter",0.002419],["Caldichromatium",0.001473],["Roseiarcus",0.001039],["Heliophilum",0.000527],["Dankookia",0.000388]],"more":3},"10":{"top":[["Nitrososphaera",0.097767],["Gaiella",0.03035],["Streptomyces",0.019215],["Luteitalea",0.018176],["Bacillus",0.018176],["Flavisolibacter",0.017804],["Skermanella",0.01768],["Longilinea",0.017447]],"more":255},"12":{"top":[["Skermanella",0.01768],["Paenibacillus",0.006157],["Aliidongia",0.000651]],"more":0}}