{"1a":{"top":[["Rhodopseudomonas",0.004929],["Xanthobacter",0.003001],["Roseiarcus",0.001048],["Heliophilum",0.000595],["Shumkonia",0.000401],["Aquabacter",0.000259]],"more":0},"1b":{"top":[["Nitrososphaera",0.135981],["Rhodoplanes",0.006856],["Nitrospira",0.004036],["Lacipirellula",0.002988],["Iamia",0.001863],["Nitrosococcus",0.001216],["Shumkonia",0.000401],["Nitrosomonas",0.000259]],"more":1},"1c":{"top":[["Skermanella",0.015808],["Bacillus",0.011125],["Steroidobacter",0.006054],["Hyphomicrobium",0.005213],["Sandaracinobacter",0.005123],["Baekduia",0.005019],["Salinarimonas",0.00423],["Terricaulis",0.002704]],"more":43},"1d":{"top":[["Streptomyces",0.023297],["Sphingomonas",0.012198],["Bacillus",0.011125],["Devosia",0.009818],["Acinetobacter",0.008007],["Rhizobium",0.007192],["Patulibacter",0.004139],["Paenibacillus",0.004036]],"more":25},"2":{"top":[["Vicinamibacter",0.050605],["Gaiella",0.040787],["Streptomyces",0.023297],["Luteitalea",0.019158],["Flavisolibacter",0.016881],["Brevitalea",0.016506],["Skermanella",0.015808],["Povalibacter",0.0152]],"more":328},"3a":{"top":[["Nitrososphaera",0.135981],["Gaiella",0.040787],["Streptomyces",0.023297],["Luteitalea",0.019158],["Flavisolibacter",0.016881],["Skermanella",0.015808],["Roseiflexus",0.015212],["Microvirga",0.013984]],"more":293},"3b":{"top":[["Streptomyces",0.023297],["Luteitalea",0.019158],["Longilinea",0.019093],["Flavisolibacter",0.016881],["Sphingomonas",0.012198],["Bacillus",0.011125],["Ferruginibacter",0.010374],["Devosia",0.009818]],"more":188},"3c":{"top":[["Streptomyces",0.023297],["Acinetobacter",0.008007],["Kribbella",0.002988],["Hydrocarboniphaga",0.000673],["Rhodococcoides",0.000673],["Methyloferula",0.000336],["Pseudoalteromonas",0.00031],["Adhaeretor",0.000259]],"more":1},"3d":{"top":[["Gaiella",0.040787],["Streptomyces",0.023297],["Luteitalea",0.019158],["Longilinea",0.019093],["Flavisolibacter",0.016881],["Skermanella",0.015808],["Roseiflexus",0.015212],["Microvirga",0.013984]],"more":297},"4":{"top":[["Longilinea",0.019093],["Nordella",0.004282],["Lignipirellula",0.003053],["Lacipirellula",0.002988],["Tautonia",0.00207],["Aeoliella",0.002005],["Anderseniella",0.001798],["Kallotenue",0.001798]],"more":38},"5":{"top":[["Methylobacterium",0.001992],["Novimethylophilus",0.000944]],"more":0},"6":{"top":[["Ferrimicrobium",0.000181]],"more":0},"7":{"top":[["Vicinamibacter",0.050605],["Streptomyces",0.023297],["Luteitalea",0.019158],["Flavisolibacter",0.016881],["Brevitalea",0.016506],["Skermanella",0.015808],["Microvirga",0.013984],["Sphingomonas",0.012198]],"more":211},"8":{"top":[["Streptomyces",0.023297],["Pseudomonas",0.005058],["Paenibacillus",0.004036],["Nocardiopsis",0.00031]],"more":0},"9":{"top":[["Sandaracinobacter",0.005123],["Rhodopseudomonas",0.004929],["Methylobacterium",0.001992],["Clostridium",0.001526],["Caldichromatium",0.00119],["Roseiarcus",0.001048],["Heliophilum",0.000595],["Geminocystis",0.000414]],"more":3},"10":{"top":[["Nitrososphaera",0.135981],["Gaiella",0.040787],["Streptomyces",0.023297],["Luteitalea",0.019158],["Longilinea",0.019093],["Flavisolibacter",0.016881],["Skermanella",0.015808],["Roseiflexus",0.015212]],"more":246},"12":{"top":[["Skermanella",0.015808],["Paenibacillus",0.004036],["Aliidongia",0.000427]],"more":0}}