{"1a":{"top":[["Rhodopseudomonas",0.009742],["Roseiarcus",0.000869],["Shumkonia",0.000177]],"more":0},"1b":{"top":[["Nitrososphaera",0.020584],["Rhodoplanes",0.003993],["Nitrosococcus",0.001384],["Nitrospira",0.000958],["Iamia",0.000621],["Shumkonia",0.000177]],"more":0},"1c":{"top":[["Mammaliicoccus",0.003975],["Aquariibacter",0.00378],["Baekduia",0.002662],["Tardiphaga",0.002591],["Nitrobacter",0.002537],["Skermanella",0.002378],["Limnoglobus",0.002058],["Neoaquamicrobium",0.00197]],"more":30},"1d":{"top":[["Sphingomonas",0.021524],["Paenibacillus",0.012404],["Devosia",0.010363],["Streptomyces",0.010185],["Proteus",0.006566],["Flavobacterium",0.004312],["Rhizobium",0.004117],["Pseudoclavibacter",0.004046]],"more":25},"2":{"top":[["Tepidisphaera",0.089344],["Chthoniobacter",0.060137],["Aeribacillus",0.034904],["Sphingomonas",0.021524],["Gaiella",0.018916],["Luteitalea",0.018596],["Nocardioides",0.016733],["Vicinamibacter",0.016307]],"more":297},"3a":{"top":[["Chthoniobacter",0.060137],["Aeribacillus",0.034904],["Sphingomonas",0.021524],["Nitrososphaera",0.020584],["Gaiella",0.018916],["Luteitalea",0.018596],["Nocardioides",0.016733],["Aquisphaera",0.013379]],"more":271},"3b":{"top":[["Chthoniobacter",0.060137],["Aeribacillus",0.034904],["Sphingomonas",0.021524],["Luteitalea",0.018596],["Nocardioides",0.016733],["Singulisphaera",0.014462],["Aquisphaera",0.013379],["Gemmatimonas",0.013308]],"more":168},"3c":{"top":[["Streptomyces",0.010185],["Rhodococcus",0.001703],["Methyloferula",0.001313],["Halomonas",0.000284]],"more":0},"3d":{"top":[["Chthoniobacter",0.060137],["Sphingomonas",0.021524],["Gaiella",0.018916],["Luteitalea",0.018596],["Nocardioides",0.016733],["Singulisphaera",0.014462],["Aquisphaera",0.013379],["Gemmatimonas",0.013308]],"more":271},"4":{"top":[["Aquisphaera",0.013379],["Tautonia",0.012474],["Dethiosulfatarculus",0.012421],["Aeoliella",0.006938],["Urbifossiella",0.006707],["Proteus",0.006566],["Polyangium",0.005962],["Anderseniella",0.00472]],"more":41},"5":{"top":[["Methylophilus",0.002502],["Methylobacterium",0.001987],["Lichenicoccus",0.001562]],"more":0},"6":{"top":[["Ferrimicrobium",0.000603],["Fervidicella",0.000337],["Geoanaerobacter",0.000302]],"more":0},"7":{"top":[["Sphingomonas",0.021524],["Luteitalea",0.018596],["Nocardioides",0.016733],["Vicinamibacter",0.016307],["Aquisphaera",0.013379],["Gemmatimonas",0.013308],["Tautonia",0.012474],["Paenibacillus",0.012404]],"more":183},"8":{"top":[["Paenibacillus",0.012404],["Streptomyces",0.010185]],"more":0},"9":{"top":[["Rhodopseudomonas",0.009742],["Falsiroseomonas",0.002502],["Methylobacterium",0.001987],["Lichenicoccus",0.001562],["Dankookia",0.001171],["Roseiarcus",0.000869],["Cystobacter",0.000692],["Chloroflexus",0.000337]],"more":2},"10":{"top":[["Aeribacillus",0.034904],["Nitrososphaera",0.020584],["Gaiella",0.018916],["Luteitalea",0.018596],["Nocardioides",0.016733],["Gemmatimonas",0.013308],["Tautonia",0.012474],["Dethiosulfatarculus",0.012421]],"more":229},"12":{"top":[["Paenibacillus",0.012404],["Skermanella",0.002378],["Granulicella",0.001011],["Microbacterium",0.000355]],"more":0}}