{"1a":{"top":[["Rhodopseudomonas",0.005279],["Xanthobacter",0.002289],["Heliophilum",0.000646],["Roseiarcus",0.000609],["Shumkonia",0.000258],["Aquabacter",0.000221]],"more":0},"1b":{"top":[["Nitrososphaera",0.077671],["Rhodoplanes",0.008823],["Nitrospira",0.006036],["Lacipirellula",0.002658],["Nitrosococcus",0.001181],["Iamia",0.000794],["Nitrosomonas",0.000498],["Shumkonia",0.000258]],"more":1},"1c":{"top":[["Skermanella",0.022113],["Bacillus",0.016686],["Baekduia",0.006534],["Sandaracinobacter",0.005593],["Steroidobacter",0.005408],["Hyphomicrobium",0.003396],["Caldichromatium",0.002326],["Nitrobacter",0.002012]],"more":38},"1d":{"top":[["Streptomyces",0.021337],["Bacillus",0.016686],["Sphingomonas",0.015431],["Devosia",0.010226],["Acinetobacter",0.007789],["Patulibacter",0.00587],["Herminiimonas",0.004781],["Paenibacillus",0.004172]],"more":20},"2":{"top":[["Vicinamibacter",0.053288],["Gaiella",0.052365],["Skermanella",0.022113],["Brevitalea",0.021411],["Streptomyces",0.021337],["Flavisolibacter",0.02119],["Luteitalea",0.021134],["Microvirga",0.017074]],"more":285},"3a":{"top":[["Nitrososphaera",0.077671],["Gaiella",0.052365],["Skermanella",0.022113],["Streptomyces",0.021337],["Flavisolibacter",0.02119],["Luteitalea",0.021134],["Microvirga",0.017074],["Bacillus",0.016686]],"more":256},"3b":{"top":[["Streptomyces",0.021337],["Flavisolibacter",0.02119],["Luteitalea",0.021134],["Bacillus",0.016686],["Sphingomonas",0.015431],["Gemmatimonas",0.014582],["Nocardioides",0.011389],["Devosia",0.010226]],"more":162},"3c":{"top":[["Streptomyces",0.021337],["Acinetobacter",0.007789],["Kribbella",0.003433],["Methyloferula",0.000775],["Rhodococcoides",0.000628],["Hydrocarboniphaga",0.000609],["Pseudoalteromonas",0.000332],["Methylococcus",0.000277]],"more":1},"3d":{"top":[["Gaiella",0.052365],["Skermanella",0.022113],["Streptomyces",0.021337],["Flavisolibacter",0.02119],["Luteitalea",0.021134],["Microvirga",0.017074],["Bacillus",0.016686],["Sphingomonas",0.015431]],"more":256},"4":{"top":[["Longilinea",0.007125],["Nordella",0.004781],["Lacipirellula",0.002658],["Tautonia",0.002603],["Urbifossiella",0.002529],["Lignipirellula",0.002233],["Syntrophotalea",0.002067],["Anderseniella",0.00203]],"more":33},"5":{"top":[["Methylobacterium",0.003932]],"more":0},"6":{"top":[["Ferrimicrobium",0.00024]],"more":0},"7":{"top":[["Vicinamibacter",0.053288],["Skermanella",0.022113],["Brevitalea",0.021411],["Streptomyces",0.021337],["Flavisolibacter",0.02119],["Luteitalea",0.021134],["Microvirga",0.017074],["Bacillus",0.016686]],"more":182},"8":{"top":[["Streptomyces",0.021337],["Paenibacillus",0.004172],["Nocardiopsis",0.000664]],"more":0},"9":{"top":[["Sandaracinobacter",0.005593],["Rhodopseudomonas",0.005279],["Methylobacterium",0.003932],["Thiorhodococcus",0.002879],["Caldichromatium",0.002326],["Clostridium",0.001587],["Cystobacter",0.000904],["Dankookia",0.000701]],"more":4},"10":{"top":[["Nitrososphaera",0.077671],["Gaiella",0.052365],["Skermanella",0.022113],["Streptomyces",0.021337],["Flavisolibacter",0.02119],["Luteitalea",0.021134],["Bacillus",0.016686],["Gemmatimonas",0.014582]],"more":211},"12":{"top":[["Skermanella",0.022113],["Paenibacillus",0.004172],["Aliidongia",0.001292]],"more":0}}