{"1a":{"top":[["Rhodopseudomonas",0.005271],["Xanthobacter",0.001787],["Shumkonia",0.001028],["Roseiarcus",0.000591],["Heliophilum",0.000373],["Aquabacter",0.000219]],"more":0},"1b":{"top":[["Nitrososphaera",0.06871],["Rhodoplanes",0.006955],["Nitrospira",0.005592],["Lacipirellula",0.005039],["Nitrosococcus",0.001903],["Iamia",0.001106],["Shumkonia",0.001028],["Enhygromyxa",0.000424]],"more":2},"1c":{"top":[["Skermanella",0.028088],["Bacillus",0.016634],["Baekduia",0.005875],["Hyphomicrobium",0.005168],["Miltoncostaea",0.004229],["Steroidobacter",0.004178],["Sinorhizobium",0.002995],["Thiobacillus",0.002661]],"more":56},"1d":{"top":[["Streptomyces",0.021159],["Bacillus",0.016634],["Sphingomonas",0.016621],["Acinetobacter",0.009178],["Devosia",0.006787],["Patulibacter",0.005463],["Methylobacterium",0.004769],["Paenibacillus",0.004564]],"more":28},"2":{"top":[["Vicinamibacter",0.050211],["Gaiella",0.046278],["Skermanella",0.028088],["Luteitalea",0.02436],["Brevitalea",0.02292],["Streptomyces",0.021159],["Microvirga",0.020696],["Parviterribacter",0.018151]],"more":360},"3a":{"top":[["Nitrososphaera",0.06871],["Gaiella",0.046278],["Skermanella",0.028088],["Luteitalea",0.02436],["Streptomyces",0.021159],["Microvirga",0.020696],["Bacillus",0.016634],["Sphingomonas",0.016621]],"more":323},"3b":{"top":[["Luteitalea",0.02436],["Streptomyces",0.021159],["Bacillus",0.016634],["Sphingomonas",0.016621],["Flavisolibacter",0.016017],["Nocardioides",0.011608],["Gemmatimonas",0.011338],["Longilinea",0.008446]],"more":205},"3c":{"top":[["Streptomyces",0.021159],["Acinetobacter",0.009178],["Kribbella",0.001645],["Methyloferula",0.000643],["Pseudoalteromonas",0.000347],["Billgrantia",0.000334],["Hydrocarboniphaga",0.000296],["Methylococcus",0.000283]],"more":3},"3d":{"top":[["Gaiella",0.046278],["Skermanella",0.028088],["Luteitalea",0.02436],["Streptomyces",0.021159],["Microvirga",0.020696],["Bacillus",0.016634],["Sphingomonas",0.016621],["Flavisolibacter",0.016017]],"more":328},"4":{"top":[["Longilinea",0.008446],["Lacipirellula",0.005039],["Lignipirellula",0.003497],["Nordella",0.003445],["Tautonia",0.002905],["Aeoliella",0.002674],["Thiobacillus",0.002661],["Kallotenue",0.002417]],"more":38},"5":{"top":[["Methylobacterium",0.004769]],"more":0},"6":{"top":[["Ferrimicrobium",0.000424],["Georgfuchsia",0.00027]],"more":0},"7":{"top":[["Vicinamibacter",0.050211],["Skermanella",0.028088],["Luteitalea",0.02436],["Brevitalea",0.02292],["Streptomyces",0.021159],["Microvirga",0.020696],["Parviterribacter",0.018151],["Bacillus",0.016634]],"more":240},"8":{"top":[["Streptomyces",0.021159],["Paenibacillus",0.004564],["Nocardiopsis",0.000527],["Microbispora",0.000154]],"more":0},"9":{"top":[["Rhodopseudomonas",0.005271],["Methylobacterium",0.004769],["Sandaracinobacter",0.001915],["Thiorhodococcus",0.001748],["Clostridium",0.001671],["Caldichromatium",0.001401],["Dankookia",0.00099],["Roseiarcus",0.000591]],"more":5},"10":{"top":[["Nitrososphaera",0.06871],["Gaiella",0.046278],["Skermanella",0.028088],["Luteitalea",0.02436],["Streptomyces",0.021159],["Parviterribacter",0.018151],["Bacillus",0.016634],["Flavisolibacter",0.016017]],"more":269},"12":{"top":[["Skermanella",0.028088],["Paenibacillus",0.004564],["Microbacterium",0.00279],["Aliidongia",0.00054]],"more":0}}