{"1a":{"top":[["Rhodopseudomonas",0.004559],["Roseiarcus",0.000437]],"more":0},"1b":{"top":[["Nitrososphaera",0.118906],["Rhodoplanes",0.018342],["Nitrospira",0.012909],["Oryzomicrobium",0.009939],["Nitrosococcus",0.002149],["Lacipirellula",0.000664],["Nitrosomonas",0.000594],["Iamia",0.000279]],"more":0},"1c":{"top":[["Thiobacillus",0.015215],["Oryzomicrobium",0.009939],["Pannonibacter",0.006952],["Terribium",0.005258],["Pseudomarimonas",0.005136],["Caldichromatium",0.004437],["Vibrio",0.003913],["Salinarimonas",0.003214]],"more":46},"1d":{"top":[["Sphingomonas",0.028438],["Streptomyces",0.014271],["Thiorhodococcus",0.006516],["Devosia",0.006219],["Reyranella",0.00524],["Proteus",0.004332],["Arenimonas",0.003529],["Flavobacterium",0.003144]],"more":21},"2":{"top":[["Chthoniobacter",0.042919],["Brevitalea",0.042325],["Sphingomonas",0.028438],["Gaiella",0.025888],["Gemmatimonas",0.022778],["Luteitalea",0.020211],["Rhodoplanes",0.018342],["Niabella",0.015844]],"more":316},"3a":{"top":[["Nitrososphaera",0.118906],["Chthoniobacter",0.042919],["Sphingomonas",0.028438],["Gaiella",0.025888],["Limisphaera",0.025818],["Gemmatimonas",0.022778],["Luteitalea",0.020211],["Rhodoplanes",0.018342]],"more":284},"3b":{"top":[["Chthoniobacter",0.042919],["Sphingomonas",0.028438],["Limisphaera",0.025818],["Gemmatimonas",0.022778],["Luteitalea",0.020211],["Niabella",0.015844],["Streptomyces",0.014271],["Haliangium",0.013817]],"more":179},"3c":{"top":[["Streptomyces",0.014271],["Pseudoalteromonas",0.004157],["Acinetobacter",0.002114],["Immundisolibacter",0.000559],["Methylococcus",0.000524],["Sporobacter",0.00021]],"more":0},"3d":{"top":[["Chthoniobacter",0.042919],["Sphingomonas",0.028438],["Gaiella",0.025888],["Limisphaera",0.025818],["Gemmatimonas",0.022778],["Luteitalea",0.020211],["Rhodoplanes",0.018342],["Niabella",0.015844]],"more":285},"4":{"top":[["Thiobacillus",0.015215],["Geobacter",0.008682],["Proteus",0.004332],["Polyangium",0.003721],["Anderseniella",0.003109],["Lignipirellula",0.002847],["Senegalia",0.002812],["Roseimicrobium",0.00262]],"more":47},"5":{"top":[["Methylobacterium",0.00138]],"more":0},"6":{"top":[["Desulfuromusa",0.002515],["Geoanaerobacter",0.001205],["Geoalkalibacter",0.00021]],"more":0},"7":{"top":[["Brevitalea",0.042325],["Sphingomonas",0.028438],["Gemmatimonas",0.022778],["Luteitalea",0.020211],["Rhodoplanes",0.018342],["Thiobacillus",0.015215],["Streptomyces",0.014271],["Haliangium",0.013817]],"more":190},"8":{"top":[["Streptomyces",0.014271],["Paenibacillus",0.001013],["Nocardiopsis",0.000332]],"more":0},"9":{"top":[["Thiorhodococcus",0.006516],["Rhodopseudomonas",0.004559],["Caldichromatium",0.004437],["Methylobacterium",0.00138],["Falsiroseomonas",0.000908],["Chloroflexus",0.000559],["Sabulicella",0.000489],["Roseiarcus",0.000437]],"more":3},"10":{"top":[["Nitrososphaera",0.118906],["Gaiella",0.025888],["Gemmatimonas",0.022778],["Luteitalea",0.020211],["Rhodoplanes",0.018342],["Niabella",0.015844],["Thiobacillus",0.015215],["Streptomyces",0.014271]],"more":247},"12":{"top":[["Skermanella",0.001555],["Paenibacillus",0.001013],["Microbacterium",0.000559]],"more":0}}