{"1a":{"top":[["Rhodopseudomonas",0.006299],["Xanthobacter",0.002693],["Roseicella",0.000548],["Shumkonia",0.000426],["Heliophilum",0.000411],["Roseiarcus",0.00038],["Aquabacter",0.000365]],"more":0},"1b":{"top":[["Nitrososphaera",0.071619],["Nitrospira",0.007106],["Rhodoplanes",0.005493],["Lacipirellula",0.004199],["Nitrosococcus",0.002298],["Iamia",0.000669],["Georgfuchsia",0.000624],["Shumkonia",0.000426]],"more":2},"1c":{"top":[["Skermanella",0.026323],["Bacillus",0.015991],["Steroidobacter",0.004778],["Caldimonas",0.004169],["Caldichromatium",0.003393],["Hyphomicrobium",0.00318],["Baekduia",0.003058],["Clostridium",0.002298]],"more":37},"1d":{"top":[["Streptomyces",0.020997],["Sphingomonas",0.018608],["Bacillus",0.015991],["Acinetobacter",0.008003],["Methylobacterium",0.00528],["Herminiimonas",0.00493],["Paenibacillus",0.004412],["Caldimonas",0.004169]],"more":31},"2":{"top":[["Vicinamibacter",0.056053],["Flavisolibacter",0.036228],["Skermanella",0.026323],["Luteitalea",0.023493],["Microvirga",0.021271],["Streptomyces",0.020997],["Sphingomonas",0.018608],["Gaiella",0.016904]],"more":331},"3a":{"top":[["Nitrososphaera",0.071619],["Flavisolibacter",0.036228],["Skermanella",0.026323],["Luteitalea",0.023493],["Microvirga",0.021271],["Streptomyces",0.020997],["Sphingomonas",0.018608],["Gaiella",0.016904]],"more":296},"3b":{"top":[["Flavisolibacter",0.036228],["Luteitalea",0.023493],["Streptomyces",0.020997],["Sphingomonas",0.018608],["Bacillus",0.015991],["Gemmatimonas",0.014409],["Nocardioides",0.013055],["Longilinea",0.012294]],"more":192},"3c":{"top":[["Streptomyces",0.020997],["Acinetobacter",0.008003],["Novosphingobium",0.002891],["Kribbella",0.001719],["Methyloferula",0.000746],["Georgfuchsia",0.000624],["Rhodococcoides",0.000609],["Methylococcus",0.000441]],"more":4},"3d":{"top":[["Flavisolibacter",0.036228],["Skermanella",0.026323],["Luteitalea",0.023493],["Microvirga",0.021271],["Streptomyces",0.020997],["Sphingomonas",0.018608],["Gaiella",0.016904],["Bacillus",0.015991]],"more":298},"4":{"top":[["Longilinea",0.012294],["Lignipirellula",0.004519],["Nordella",0.004245],["Lacipirellula",0.004199],["Kallotenue",0.002617],["Polyangium",0.002404],["Urbifossiella",0.002298],["Tautonia",0.002237]],"more":35},"5":{"top":[["Methylobacterium",0.00528],["Novimethylophilus",0.000639]],"more":0},"6":{"top":[["Ferrimicrobium",0.000654],["Georgfuchsia",0.000624]],"more":0},"7":{"top":[["Vicinamibacter",0.056053],["Flavisolibacter",0.036228],["Skermanella",0.026323],["Luteitalea",0.023493],["Microvirga",0.021271],["Streptomyces",0.020997],["Sphingomonas",0.018608],["Bacillus",0.015991]],"more":213},"8":{"top":[["Streptomyces",0.020997],["Paenibacillus",0.004412],["Nocardiopsis",0.000654]],"more":0},"9":{"top":[["Rhodopseudomonas",0.006299],["Methylobacterium",0.00528],["Caldichromatium",0.003393],["Clostridium",0.002298],["Sandaracinobacter",0.002191],["Dankookia",0.000761],["Cystobacter",0.000563],["Roseicella",0.000548]],"more":5},"10":{"top":[["Nitrososphaera",0.071619],["Flavisolibacter",0.036228],["Skermanella",0.026323],["Luteitalea",0.023493],["Streptomyces",0.020997],["Gaiella",0.016904],["Bacillus",0.015991],["Gemmatimonas",0.014409]],"more":243},"12":{"top":[["Skermanella",0.026323],["Paenibacillus",0.004412],["Granulicella",0.000806],["Aliidongia",0.000426]],"more":0}}