{"1a":{"top":[["Rhodopseudomonas",0.005731],["Xanthobacter",0.002375],["Shumkonia",0.00062],["Roseicella",0.000516],["Roseiarcus",0.000465],["Heliophilum",0.000413],["Aquabacter",0.000374],["Inconstantimicrobium",0.000142]],"more":0},"1b":{"top":[["Nitrososphaera",0.085081],["Rhodoplanes",0.005511],["Nitrospira",0.005434],["Lacipirellula",0.003562],["Nitrosococcus",0.002039],["Nitrosomonas",0.00071],["Iamia",0.00071],["Shumkonia",0.00062]],"more":2},"1c":{"top":[["Skermanella",0.032628],["Bacillus",0.011693],["Caldimonas",0.007563],["Baekduia",0.005163],["Steroidobacter",0.003769],["Miltoncostaea",0.003511],["Clostridium",0.003317],["Hyphomicrobium",0.003098]],"more":42},"1d":{"top":[["Streptomyces",0.020999],["Sphingomonas",0.019489],["Bacillus",0.011693],["Herminiimonas",0.008402],["Caldimonas",0.007563],["Methylobacterium",0.00675],["Acinetobacter",0.005382],["Devosia",0.005318]],"more":29},"2":{"top":[["Vicinamibacter",0.039236],["Flavisolibacter",0.035558],["Skermanella",0.032628],["Microvirga",0.028911],["Gaiella",0.027336],["Streptomyces",0.020999],["Sphingomonas",0.019489],["Luteitalea",0.019308]],"more":351},"3a":{"top":[["Nitrososphaera",0.085081],["Flavisolibacter",0.035558],["Skermanella",0.032628],["Microvirga",0.028911],["Gaiella",0.027336],["Streptomyces",0.020999],["Sphingomonas",0.019489],["Luteitalea",0.019308]],"more":314},"3b":{"top":[["Flavisolibacter",0.035558],["Streptomyces",0.020999],["Sphingomonas",0.019489],["Luteitalea",0.019308],["Nocardioides",0.016082],["Gemmatimonas",0.012403],["Noviherbaspirillum",0.011745],["Bacillus",0.011693]],"more":203},"3c":{"top":[["Streptomyces",0.020999],["Acinetobacter",0.005382],["Novosphingobium",0.003472],["Kribbella",0.001975],["Rhodococcoides",0.001252],["Methyloferula",0.001226],["Rhodococcus",0.000749],["Methylococcus",0.00049]],"more":4},"3d":{"top":[["Flavisolibacter",0.035558],["Skermanella",0.032628],["Microvirga",0.028911],["Gaiella",0.027336],["Streptomyces",0.020999],["Sphingomonas",0.019489],["Luteitalea",0.019308],["Nocardioides",0.016082]],"more":317},"4":{"top":[["Longilinea",0.007305],["Lacipirellula",0.003562],["Tautonia",0.003536],["Lignipirellula",0.002904],["Kallotenue",0.002878],["Urbifossiella",0.002633],["Nordella",0.002452],["Polyangium",0.001988]],"more":33},"5":{"top":[["Methylobacterium",0.00675]],"more":0},"6":{"top":[["Ferrimicrobium",0.000503],["Georgfuchsia",0.000232]],"more":0},"7":{"top":[["Vicinamibacter",0.039236],["Flavisolibacter",0.035558],["Skermanella",0.032628],["Microvirga",0.028911],["Streptomyces",0.020999],["Sphingomonas",0.019489],["Luteitalea",0.019308],["Nocardioides",0.016082]],"more":231},"8":{"top":[["Streptomyces",0.020999],["Paenibacillus",0.004608],["Pseudomonas",0.001962],["Nocardiopsis",0.000994],["Microbispora",0.000194]],"more":0},"9":{"top":[["Methylobacterium",0.00675],["Rhodopseudomonas",0.005731],["Clostridium",0.003317],["Sandaracinobacter",0.002233],["Caldichromatium",0.002117],["Dankookia",0.001278],["Falsiroseomonas",0.00062],["Roseicella",0.000516]],"more":4},"10":{"top":[["Nitrososphaera",0.085081],["Flavisolibacter",0.035558],["Skermanella",0.032628],["Gaiella",0.027336],["Streptomyces",0.020999],["Luteitalea",0.019308],["Nocardioides",0.016082],["Parviterribacter",0.012842]],"more":265},"12":{"top":[["Skermanella",0.032628],["Paenibacillus",0.004608],["Aliidongia",0.000181]],"more":0}}