{"1a":{"top":[["Shumkonia",0.000787],["Crinalium",0.000282],["Roseiarcus",0.000242]],"more":0},"1b":{"top":[["Nitrososphaera",0.229337],["Nitrospira",0.012989],["Rhodoplanes",0.00716],["Lacipirellula",0.002662],["Nitrosomonas",0.001291],["Oryzomicrobium",0.000968],["Shumkonia",0.000787],["Nitrosococcus",0.000787]],"more":2},"1c":{"top":[["Caldichromatium",0.007301],["Bacillus",0.006434],["Vibrio",0.00474],["Pseudomarimonas",0.004619],["Mesobacillus",0.004074],["Arenibaculum",0.003429],["Terribium",0.002924],["Terricaulis",0.002904]],"more":36},"1d":{"top":[["Streptomyces",0.019241],["Sphingomonas",0.014864],["Devosia",0.012303],["Proteus",0.008108],["Bacillus",0.006434],["Glaciimonas",0.004921],["Paenibacillus",0.004114],["Methylobacterium",0.004074]],"more":20},"2":{"top":[["Brevitalea",0.074886],["Rubrobacter",0.0335],["Luteitalea",0.024081],["Vicinamibacter",0.021661],["Streptomyces",0.019241],["Gaiella",0.016175],["Chthoniobacter",0.015106],["Sphingomonas",0.014864]],"more":286},"3a":{"top":[["Nitrososphaera",0.229337],["Rubrobacter",0.0335],["Luteitalea",0.024081],["Streptomyces",0.019241],["Gaiella",0.016175],["Chthoniobacter",0.015106],["Sphingomonas",0.014864],["Devosia",0.012303]],"more":256},"3b":{"top":[["Rubrobacter",0.0335],["Luteitalea",0.024081],["Streptomyces",0.019241],["Chthoniobacter",0.015106],["Sphingomonas",0.014864],["Devosia",0.012303],["Limisphaera",0.01079],["Gemmatimonas",0.009862]],"more":160},"3c":{"top":[["Streptomyces",0.019241],["Pseudoalteromonas",0.00597],["Halomonas",0.002602],["Acinetobacter",0.00236],["Methylococcus",0.000766],["Cupriavidus",0.000545],["Immundisolibacter",0.000524],["Marinobacterium",0.000504]],"more":2},"3d":{"top":[["Rubrobacter",0.0335],["Luteitalea",0.024081],["Streptomyces",0.019241],["Gaiella",0.016175],["Chthoniobacter",0.015106],["Sphingomonas",0.014864],["Nitrospira",0.012989],["Devosia",0.012303]],"more":257},"4":{"top":[["Proteus",0.008108],["Lignipirellula",0.003651],["Fundidesulfovibrio",0.003187],["Lacipirellula",0.002662],["Limnoglobus",0.002582],["Kallotenue",0.002541],["Senegalia",0.002461],["Tenuibacillus",0.002017]],"more":38},"5":{"top":[["Methylobacterium",0.004074],["Methylocystis",0.000504]],"more":0},"6":{"top":[["Leptospirillum",0.000262]],"more":0},"7":{"top":[["Brevitalea",0.074886],["Luteitalea",0.024081],["Vicinamibacter",0.021661],["Streptomyces",0.019241],["Sphingomonas",0.014864],["Devosia",0.012303],["Gemmatimonas",0.009862],["Microvirga",0.009782]],"more":175},"8":{"top":[["Streptomyces",0.019241],["Paenibacillus",0.004114],["Pseudomonas",0.000565],["Nocardiopsis",0.000524],["Microbispora",0.000383]],"more":0},"9":{"top":[["Caldichromatium",0.007301],["Methylobacterium",0.004074],["Clostridium",0.001876],["Falsiroseomonas",0.001714],["Chloroflexus",0.000686],["Sabulicella",0.000524],["Acanthopleuribacter",0.000424],["Crinalium",0.000282]],"more":2},"10":{"top":[["Nitrososphaera",0.229337],["Rubrobacter",0.0335],["Luteitalea",0.024081],["Streptomyces",0.019241],["Gaiella",0.016175],["Pseudoneobacillus",0.014219],["Nitrospira",0.012989],["Devosia",0.012303]],"more":222},"12":{"top":[["Paenibacillus",0.004114],["Skermanella",0.000202]],"more":0}}