{"1a":{"top":[["Endothiovibrio",0.005199],["Shumkonia",0.000384],["Roseiarcus",0.000275],["Azotobacter",0.000275],["Crinalium",0.000256]],"more":0},"1b":{"top":[["Nitrososphaera",0.1863],["Nitrospira",0.012906],["Rhodoplanes",0.006096],["Nitrosomonas",0.002673],["Lacipirellula",0.001995],["Geomesophilobacter",0.00119],["Nitrosococcus",0.001098],["Iamia",0.000934]],"more":4},"1c":{"top":[["Caldichromatium",0.007798],["Bacillus",0.006169],["Pseudomarimonas",0.00529],["Terribium",0.005016],["Terricaulis",0.004888],["Vitreimonas",0.004796],["Methylomagnum",0.003753],["Vibrio",0.003606]],"more":43},"1d":{"top":[["Sphingomonas",0.025628],["Streptomyces",0.019423],["Devosia",0.008897],["Proteus",0.007505],["Bacillus",0.006169],["Glaciimonas",0.00443],["Paenibacillus",0.00335],["Reyranella",0.003295]],"more":24},"2":{"top":[["Brevitalea",0.053856],["Luteitalea",0.028722],["Sphingomonas",0.025628],["Vicinamibacter",0.022278],["Rubrobacter",0.019459],["Streptomyces",0.019423],["Nitrospira",0.012906],["Gaiella",0.012283]],"more":330},"3a":{"top":[["Nitrososphaera",0.1863],["Luteitalea",0.028722],["Sphingomonas",0.025628],["Rubrobacter",0.019459],["Streptomyces",0.019423],["Gaiella",0.012283],["Gemmatimonas",0.011313],["Limisphaera",0.009885]],"more":304},"3b":{"top":[["Luteitalea",0.028722],["Sphingomonas",0.025628],["Rubrobacter",0.019459],["Streptomyces",0.019423],["Gemmatimonas",0.011313],["Limisphaera",0.009885],["Devosia",0.008897],["Tellurimicrobium",0.008695]],"more":190},"3c":{"top":[["Streptomyces",0.019423],["Pseudoalteromonas",0.007084],["Halomonas",0.002819],["Acinetobacter",0.002654],["Methylomicrobium",0.001776],["Methylobacter",0.001263],["Cupriavidus",0.000769],["Methylocaldum",0.000696]],"more":5},"3d":{"top":[["Luteitalea",0.028722],["Sphingomonas",0.025628],["Rubrobacter",0.019459],["Streptomyces",0.019423],["Nitrospira",0.012906],["Gaiella",0.012283],["Gemmatimonas",0.011313],["Limisphaera",0.009885]],"more":300},"4":{"top":[["Proteus",0.007505],["Endothiovibrio",0.005199],["Fundidesulfovibrio",0.003991],["Hypericibacter",0.00346],["Polyangium",0.00346],["Gracilibacter",0.003332],["Senegalia",0.003057],["Lignipirellula",0.00302]],"more":54},"5":{"top":[["Methylomicrobium",0.001776],["Methylobacterium",0.001318],["Methylocystis",0.000659]],"more":0},"6":{"top":[["Leptospirillum",0.000659]],"more":0},"7":{"top":[["Brevitalea",0.053856],["Luteitalea",0.028722],["Sphingomonas",0.025628],["Vicinamibacter",0.022278],["Streptomyces",0.019423],["Gemmatimonas",0.011313],["Devosia",0.008897],["Proteus",0.007505]],"more":199},"8":{"top":[["Streptomyces",0.019423],["Paenibacillus",0.00335],["Pseudomonas",0.001043],["Nocardiopsis",0.000183]],"more":0},"9":{"top":[["Caldichromatium",0.007798],["Falsiroseomonas",0.007213],["Endothiovibrio",0.005199],["Clostridium",0.001904],["Methylobacterium",0.001318],["Chloroflexus",0.000659],["Sabulicella",0.000549],["Acanthopleuribacter",0.000549]],"more":4},"10":{"top":[["Nitrososphaera",0.1863],["Luteitalea",0.028722],["Rubrobacter",0.019459],["Streptomyces",0.019423],["Nitrospira",0.012906],["Gaiella",0.012283],["Gemmatimonas",0.011313],["Pseudoneobacillus",0.009336]],"more":266},"12":{"top":[["Paenibacillus",0.00335],["Microbacterium",0.000403]],"more":0}}