{"1a":{"top":[["Rhodopseudomonas",0.004491],["Xanthobacter",0.001459],["Heliophilum",0.000567],["Roseiarcus",0.000468],["Roseicella",0.000411],["Aquabacter",0.00034],["Shumkonia",0.000312]],"more":0},"1b":{"top":[["Nitrososphaera",0.063462],["Nitrospira",0.009266],["Rhodoplanes",0.00367],["Nitrosococcus",0.002947],["Lacipirellula",0.002805],["Iamia",0.000907],["Nitrosomonas",0.000326],["Shumkonia",0.000312]],"more":2},"1c":{"top":[["Skermanella",0.021579],["Bacillus",0.01849],["Baekduia",0.004676],["Sandaracinobacter",0.00401],["Steroidobacter",0.003996],["Hyphomicrobium",0.003188],["Salinarimonas",0.003018],["Intrasporangium",0.002664]],"more":49},"1d":{"top":[["Bacillus",0.01849],["Streptomyces",0.017513],["Sphingomonas",0.012284],["Devosia",0.006773],["Acinetobacter",0.006744],["Methylobacterium",0.006645],["Paenibacillus",0.006178],["Herminiimonas",0.004761]],"more":28},"2":{"top":[["Vicinamibacter",0.055952],["Flavisolibacter",0.030803],["Gaiella",0.028281],["Luteitalea",0.022429],["Microvirga",0.021721],["Skermanella",0.021579],["Streptomyces",0.017513],["Brevitalea",0.017116]],"more":356},"3a":{"top":[["Nitrososphaera",0.063462],["Flavisolibacter",0.030803],["Gaiella",0.028281],["Luteitalea",0.022429],["Microvirga",0.021721],["Skermanella",0.021579],["Bacillus",0.01849],["Streptomyces",0.017513]],"more":323},"3b":{"top":[["Flavisolibacter",0.030803],["Luteitalea",0.022429],["Bacillus",0.01849],["Streptomyces",0.017513],["Longilinea",0.015741],["Terrimonas",0.013007],["Sphingomonas",0.012284],["Nocardioides",0.010272]],"more":205},"3c":{"top":[["Streptomyces",0.017513],["Acinetobacter",0.006744],["Kribbella",0.002253],["Novosphingobium",0.0017],["Cupriavidus",0.000921],["Rhodococcoides",0.000808],["Rhodococcus",0.000793],["Methyloferula",0.000524]],"more":7},"3d":{"top":[["Flavisolibacter",0.030803],["Gaiella",0.028281],["Luteitalea",0.022429],["Microvirga",0.021721],["Skermanella",0.021579],["Bacillus",0.01849],["Streptomyces",0.017513],["Longilinea",0.015741]],"more":320},"4":{"top":[["Longilinea",0.015741],["Nordella",0.004038],["Lignipirellula",0.0035],["Lacipirellula",0.002805],["Aeoliella",0.002777],["Kallotenue",0.00248],["Tautonia",0.002295],["Urbifossiella",0.002111]],"more":35},"5":{"top":[["Methylobacterium",0.006645],["Novimethylophilus",0.000567]],"more":0},"6":{"top":[["Ferrimicrobium",0.000298],["Georgfuchsia",0.000255],["Geoalkalibacter",0.000156]],"more":0},"7":{"top":[["Vicinamibacter",0.055952],["Flavisolibacter",0.030803],["Luteitalea",0.022429],["Microvirga",0.021721],["Skermanella",0.021579],["Bacillus",0.01849],["Streptomyces",0.017513],["Brevitalea",0.017116]],"more":231},"8":{"top":[["Streptomyces",0.017513],["Paenibacillus",0.006178],["Pseudomonas",0.003741],["Nocardiopsis",0.000638]],"more":0},"9":{"top":[["Methylobacterium",0.006645],["Rhodopseudomonas",0.004491],["Sandaracinobacter",0.00401],["Thiorhodococcus",0.002437],["Clostridium",0.002366],["Caldichromatium",0.001686],["Dankookia",0.000907],["Heliophilum",0.000567]],"more":7},"10":{"top":[["Nitrososphaera",0.063462],["Flavisolibacter",0.030803],["Gaiella",0.028281],["Luteitalea",0.022429],["Skermanella",0.021579],["Bacillus",0.01849],["Streptomyces",0.017513],["Longilinea",0.015741]],"more":272},"12":{"top":[["Skermanella",0.021579],["Paenibacillus",0.006178],["Microbacterium",0.001488],["Aliidongia",0.00034]],"more":0}}