{"1a":{"top":[["Rhodopseudomonas",0.006124],["Xanthobacter",0.002364],["Heliophilum",0.000675],["Pararhodospirillum",0.00047],["Roseiarcus",0.000455],["Roseicella",0.000441],["Shumkonia",0.000426],["Aquabacter",0.000264]],"more":0},"1b":{"top":[["Nitrososphaera",0.083556],["Nitrospira",0.008018],["Lacipirellula",0.005154],["Rhodoplanes",0.004978],["Nitrosococcus",0.003407],["Iamia",0.000573],["Nitrosomonas",0.000529],["Shumkonia",0.000426]],"more":1},"1c":{"top":[["Skermanella",0.022864],["Bacillus",0.012761],["Baekduia",0.004288],["Hyphomicrobium",0.004053],["Steroidobacter",0.003657],["Caldimonas",0.002981],["Miltoncostaea",0.00254],["Limnoglobus",0.002173]],"more":46},"1d":{"top":[["Streptomyces",0.017343],["Sphingomonas",0.014039],["Bacillus",0.012761],["Acinetobacter",0.009457],["Methylobacterium",0.005566],["Devosia",0.005257],["Paenibacillus",0.004963],["Rhizobium",0.004875]],"more":26},"2":{"top":[["Vicinamibacter",0.054025],["Brevitalea",0.025801],["Gaiella",0.024773],["Flavisolibacter",0.024597],["Skermanella",0.022864],["Microvirga",0.022424],["Luteitalea",0.020779],["Streptomyces",0.017343]],"more":356},"3a":{"top":[["Nitrososphaera",0.083556],["Gaiella",0.024773],["Flavisolibacter",0.024597],["Skermanella",0.022864],["Microvirga",0.022424],["Luteitalea",0.020779],["Streptomyces",0.017343],["Sphingomonas",0.014039]],"more":321},"3b":{"top":[["Flavisolibacter",0.024597],["Luteitalea",0.020779],["Streptomyces",0.017343],["Sphingomonas",0.014039],["Bacillus",0.012761],["Gemmatimonas",0.011542],["Nocardioides",0.010632],["Terrimonas",0.010573]],"more":208},"3c":{"top":[["Streptomyces",0.017343],["Acinetobacter",0.009457],["Kribbella",0.002203],["Novosphingobium",0.001777],["Rhodococcoides",0.000808],["Methyloferula",0.000573],["Hydrocarboniphaga",0.000352],["Pseudoalteromonas",0.000308]],"more":3},"3d":{"top":[["Gaiella",0.024773],["Flavisolibacter",0.024597],["Skermanella",0.022864],["Microvirga",0.022424],["Luteitalea",0.020779],["Streptomyces",0.017343],["Sphingomonas",0.014039],["Bacillus",0.012761]],"more":322},"4":{"top":[["Longilinea",0.009986],["Lacipirellula",0.005154],["Lignipirellula",0.00398],["Nordella",0.00395],["Tautonia",0.003143],["Aeoliella",0.00301],["Polyangium",0.002673],["Urbifossiella",0.002394]],"more":36},"5":{"top":[["Methylobacterium",0.005566]],"more":0},"6":{"top":[["Ferrimicrobium",0.000294]],"more":0},"7":{"top":[["Vicinamibacter",0.054025],["Brevitalea",0.025801],["Flavisolibacter",0.024597],["Skermanella",0.022864],["Microvirga",0.022424],["Luteitalea",0.020779],["Streptomyces",0.017343],["Sphingomonas",0.014039]],"more":232},"8":{"top":[["Streptomyces",0.017343],["Paenibacillus",0.004963],["Nocardiopsis",0.000617],["Microbispora",0.000176]],"more":0},"9":{"top":[["Rhodopseudomonas",0.006124],["Methylobacterium",0.005566],["Sandaracinobacter",0.002159],["Thiorhodococcus",0.002026],["Caldichromatium",0.001674],["Clostridium",0.001527],["Dankookia",0.000955],["Cystobacter",0.000764]],"more":6},"10":{"top":[["Nitrososphaera",0.083556],["Gaiella",0.024773],["Flavisolibacter",0.024597],["Skermanella",0.022864],["Luteitalea",0.020779],["Streptomyces",0.017343],["Parviterribacter",0.013642],["Bacillus",0.012761]],"more":271},"12":{"top":[["Skermanella",0.022864],["Paenibacillus",0.004963],["Aliidongia",0.000411]],"more":0}}