{"1a":{"top":[["Shumkonia",0.001222],["Roseiarcus",0.000524]],"more":0},"1b":{"top":[["Nitrososphaera",0.099772],["Nitrospira",0.003553],["Rhodoplanes",0.003541],["Nitrosococcus",0.002843],["Lacipirellula",0.00212],["Shumkonia",0.001222],["Iamia",0.001122],["Enhygromyxa",0.000486]],"more":1},"1c":{"top":[["Skermanella",0.010723],["Mesobacillus",0.005274],["Terricaulis",0.0048],["Terribium",0.004015],["Pseudomarimonas",0.003915],["Sulfuritortus",0.003391],["Cellulomonas",0.002731],["Caldichromatium",0.002706]],"more":52},"1d":{"top":[["Sphingomonas",0.037779],["Streptomyces",0.020037],["Paenibacillus",0.006484],["Proteus",0.005424],["Glaciimonas",0.004414],["Reyranella",0.004177],["Devosia",0.003815],["Arenimonas",0.003815]],"more":37},"2":{"top":[["Nocardioides",0.048452],["Sphingomonas",0.037779],["Massilia",0.035161],["Luteitalea",0.031769],["Brevitalea",0.026146],["Gemmatimonas",0.024687],["Streptomyces",0.020037],["Vicinamibacter",0.018815]],"more":398},"3a":{"top":[["Nitrososphaera",0.099772],["Nocardioides",0.048452],["Sphingomonas",0.037779],["Massilia",0.035161],["Luteitalea",0.031769],["Gemmatimonas",0.024687],["Streptomyces",0.020037],["Microvirga",0.016521]],"more":363},"3b":{"top":[["Nocardioides",0.048452],["Sphingomonas",0.037779],["Massilia",0.035161],["Luteitalea",0.031769],["Gemmatimonas",0.024687],["Streptomyces",0.020037],["Nitrolancea",0.010062],["Chthoniobacter",0.008192]],"more":239},"3c":{"top":[["Streptomyces",0.020037],["Pseudoalteromonas",0.004077],["Adhaeretor",0.000623],["Hydrocarboniphaga",0.000324],["Methylococcus",0.000287],["Acinetobacter",0.000274],["Methyloferula",0.000237],["Methylosinus",0.000162]],"more":0},"3d":{"top":[["Nocardioides",0.048452],["Sphingomonas",0.037779],["Massilia",0.035161],["Luteitalea",0.031769],["Gemmatimonas",0.024687],["Streptomyces",0.020037],["Microvirga",0.016521],["Roseiflexus",0.014688]],"more":357},"4":{"top":[["Tautonia",0.00682],["Kallotenue",0.006608],["Proteus",0.005424],["Sulfuritortus",0.003391],["Tumebacillus",0.003155],["Oscillochloris",0.00278],["Urbifossiella",0.002556],["Lacipirellula",0.00212]],"more":48},"5":{"top":[["Methylobacterium",0.003641],["Lichenicoccus",0.001184]],"more":0},"6":{"top":[["Ferrimicrobium",0.000673],["Ferrithrix",0.000337],["Tepidibacillus",0.000312]],"more":0},"7":{"top":[["Nocardioides",0.048452],["Sphingomonas",0.037779],["Massilia",0.035161],["Luteitalea",0.031769],["Brevitalea",0.026146],["Gemmatimonas",0.024687],["Streptomyces",0.020037],["Vicinamibacter",0.018815]],"more":256},"8":{"top":[["Streptomyces",0.020037],["Paenibacillus",0.006484],["Nocardiopsis",0.001072]],"more":0},"9":{"top":[["Falsiroseomonas",0.00601],["Methylobacterium",0.003641],["Caldichromatium",0.002706],["Clostridium",0.002269],["Thiorhodococcus",0.001658],["Lichenicoccus",0.001184],["Dankookia",0.001035],["Cystobacter",0.000748]],"more":7},"10":{"top":[["Nitrososphaera",0.099772],["Nocardioides",0.048452],["Massilia",0.035161],["Luteitalea",0.031769],["Gemmatimonas",0.024687],["Streptomyces",0.020037],["Roseiflexus",0.014688],["Skermanella",0.010723]],"more":320},"12":{"top":[["Skermanella",0.010723],["Paenibacillus",0.006484],["Microbacterium",0.000935],["Flexivirga",0.000387],["Staphylococcus",0.000287]],"more":0}}