{"1a":{"top":[["Rhodopseudomonas",0.011603],["Shumkonia",0.000245]],"more":0},"1b":{"top":[["Nitrososphaera",0.056209],["Nitrosococcus",0.005221],["Lacipirellula",0.003213],["Rhodoplanes",0.002477],["Nitrospira",0.001205],["Iamia",0.000669],["Shumkonia",0.000245]],"more":0},"1c":{"top":[["Skermanella",0.016021],["Terribium",0.006538],["Rhizocola",0.005221],["Marimonas",0.005132],["Salinarimonas",0.004797],["Limibacillus",0.003637],["Pseudomarimonas",0.002477],["Limnoglobus",0.002231]],"more":16},"1d":{"top":[["Sphingomonas",0.016066],["Streptomyces",0.004374],["Paenibacillus",0.003905],["Thiothrix",0.003771],["Glaciimonas",0.003548],["Patulibacter",0.003124],["Flavobacterium",0.002477],["Methylobacterium",0.002231]],"more":12},"2":{"top":[["Tepidisphaera",0.076537],["Luteitalea",0.058306],["Vicinamibacter",0.043044],["Chthoniobacter",0.042352],["Gaiella",0.036439],["Geobacter",0.030503],["Microvirga",0.028383],["Nocardioides",0.023764]],"more":213},"3a":{"top":[["Luteitalea",0.058306],["Nitrososphaera",0.056209],["Chthoniobacter",0.042352],["Gaiella",0.036439],["Geobacter",0.030503],["Microvirga",0.028383],["Nocardioides",0.023764],["Rubrobacter",0.016735]],"more":190},"3b":{"top":[["Luteitalea",0.058306],["Chthoniobacter",0.042352],["Nocardioides",0.023764],["Rubrobacter",0.016735],["Sphingomonas",0.016066],["Gemmata",0.012987],["Segetibacter",0.012317],["Gemmatimonas",0.012183]],"more":127},"3c":{"top":[["Streptomyces",0.004374],["Methylococcus",0.000959],["Methyloferula",0.00058],["Immundisolibacter",0.000268],["Adhaeretor",0.000245]],"more":0},"3d":{"top":[["Luteitalea",0.058306],["Chthoniobacter",0.042352],["Gaiella",0.036439],["Microvirga",0.028383],["Nocardioides",0.023764],["Rubrobacter",0.016735],["Sphingomonas",0.016066],["Skermanella",0.016021]],"more":196},"4":{"top":[["Geobacter",0.030503],["Kallotenue",0.011425],["Tautonia",0.008993],["Urbifossiella",0.007475],["Aquisphaera",0.006226],["Lignipirellula",0.005266],["Aeoliella",0.003615],["Paludisphaera",0.003548]],"more":26},"5":{"top":[["Lichenicoccus",0.00299],["Methylobacterium",0.002231]],"more":0},"6":{"top":[["Ferrimicrobium",0.000491],["Leptospirillum",0.00029],["Fervidicella",0.00029]],"more":0},"7":{"top":[["Luteitalea",0.058306],["Vicinamibacter",0.043044],["Microvirga",0.028383],["Nocardioides",0.023764],["Sphingomonas",0.016066],["Skermanella",0.016021],["Segetibacter",0.012317],["Gemmatimonas",0.012183]],"more":128},"8":{"top":[["Streptomyces",0.004374],["Paenibacillus",0.003905]],"more":0},"9":{"top":[["Rhodopseudomonas",0.011603],["Lichenicoccus",0.00299],["Methylobacterium",0.002231],["Dankookia",0.001339],["Falsiroseomonas",0.000647],["Chloroflexus",0.000335],["Fischerella",0.000223]],"more":0},"10":{"top":[["Luteitalea",0.058306],["Nitrososphaera",0.056209],["Gaiella",0.036439],["Geobacter",0.030503],["Nocardioides",0.023764],["Rubrobacter",0.016735],["Skermanella",0.016021],["Gemmata",0.012987]],"more":158},"12":{"top":[["Skermanella",0.016021],["Paenibacillus",0.003905],["Microbacterium",0.000357]],"more":0}}