{"1a":{"top":[["Bradyrhizobium",0.286744],["Dickeya",0.014017],["Stigonema",0.003758],["Xanthobacter",0.001224],["Tistlia",0.000379],["Roseiarcus",0.000328]],"more":0},"1b":{"top":[["Bradyrhizobium",0.286744],["Rhodoplanes",0.00881],["Nitrospira",0.004414],["Stigonema",0.003758],["Nitrososphaera",0.002983],["Iamia",0.001259],["Denitratisoma",0.000776],["Tengunoibacter",0.000483]],"more":2},"1c":{"top":[["Bradyrhizobium",0.286744],["Arenibaculum",0.019896],["Virgifigura",0.01143],["Notoacmeibacter",0.007396],["Immundisolibacter",0.006603],["Klebsiella",0.004793],["Aminobacter",0.004017],["Pannonibacter",0.003396]],"more":28},"1d":{"top":[["Acinetobacter",0.052946],["Devosia",0.025671],["Immundisolibacter",0.006603],["Azospirillum",0.005396],["Pyxidicoccus",0.005327],["Pseudacidobacterium",0.004293],["Streptomyces",0.003741],["Rhizobium",0.003517]],"more":15},"2":{"top":[["Bradyrhizobium",0.286744],["Tepidisphaera",0.140838],["Chthoniobacter",0.075875],["Acinetobacter",0.052946],["Vicinamibacter",0.040963],["Reticulibacter",0.036774],["Devosia",0.025671],["Edaphobacter",0.021413]],"more":155},"3a":{"top":[["Bradyrhizobium",0.286744],["Chthoniobacter",0.075875],["Acinetobacter",0.052946],["Devosia",0.025671],["Edaphobacter",0.021413],["Pantoea",0.014706],["Dickeya",0.014017],["Succinivibrio",0.014017]],"more":142},"3b":{"top":[["Chthoniobacter",0.075875],["Devosia",0.025671],["Dickeya",0.014017],["Pyxidicoccus",0.005327],["Klebsiella",0.004793],["Pseudacidobacterium",0.004293],["Limisphaera",0.003896],["Luteitalea",0.003741]],"more":64},"3c":{"top":[["Acinetobacter",0.052946],["Immundisolibacter",0.006603],["Streptomyces",0.003741],["Burkholderia",0.000224],["Sporobacter",0.000224]],"more":0},"3d":{"top":[["Bradyrhizobium",0.286744],["Chthoniobacter",0.075875],["Acinetobacter",0.052946],["Devosia",0.025671],["Edaphobacter",0.021413],["Arenibaculum",0.019896],["Pantoea",0.014706],["Succinivibrio",0.014017]],"more":142},"4":{"top":[["Virgifigura",0.01143],["Anderseniella",0.003086],["Hypericibacter",0.001724],["Sulfuriferula",0.00119],["Lebetimonas",0.000828],["Caldimicrobium",0.000776],["Kallotenue",0.000741],["Desulfovibrio",0.000638]],"more":15},"5":{"top":[],"more":0},"6":{"top":[["Geoanaerobacter",0.000431],["Desulfuromusa",0.000172]],"more":0},"7":{"top":[["Bradyrhizobium",0.286744],["Acinetobacter",0.052946],["Vicinamibacter",0.040963],["Devosia",0.025671],["Pantoea",0.014706],["Dickeya",0.014017],["Virgifigura",0.01143],["Blastochloris",0.010086]],"more":103},"8":{"top":[["Streptomyces",0.003741],["Paenibacillus",0.001965]],"more":0},"9":{"top":[["Stigonema",0.003758],["Sabulicella",0.001276],["Roseiarcus",0.000328]],"more":0},"10":{"top":[["Bradyrhizobium",0.286744],["Acinetobacter",0.052946],["Devosia",0.025671],["Edaphobacter",0.021413],["Arenibaculum",0.019896],["Pantoea",0.014706],["Dickeya",0.014017],["Virgifigura",0.01143]],"more":127},"12":{"top":[["Paenibacillus",0.001965],["Flexivirga",0.000172]],"more":0}}