{"1a":{"top":[["Azospira",0.000815],["Roseiarcus",0.000222]],"more":0},"1b":{"top":[["Iamia",0.01232],["Rhodoplanes",0.006179],["Nitrosococcus",0.004085],["Nitrospira",0.001241],["Azospira",0.000815],["Enhygromyxa",0.000713],["Sulfurimicrobium",0.000704],["Sulfurivermis",0.0005]],"more":6},"1c":{"top":[["Stenotrophomonas",0.009912],["Tardiphaga",0.005123],["Labilithrix",0.004697],["Schaalia",0.00403],["Desertibacter",0.003826],["Mycolicibacterium",0.003789],["Oleisolibacter",0.003585],["Terribium",0.002992]],"more":66},"1d":{"top":[["Streptomyces",0.065002],["Sphingomonas",0.014219],["Flavobacterium",0.00817],["Saccharopolyspora",0.00692],["Reyranella",0.006271],["Desertibacter",0.003826],["Variovorax",0.003761],["Jiangella",0.002492]],"more":45},"2":{"top":[["Streptomyces",0.065002],["Vicinamibacter",0.049328],["Nocardioides",0.042269],["Gaiella",0.036591],["Chthoniobacter",0.026095],["Brevitalea",0.023177],["Lentzea",0.019731],["Catenuloplanes",0.017202]],"more":408},"3a":{"top":[["Streptomyces",0.065002],["Nocardioides",0.042269],["Gaiella",0.036591],["Chthoniobacter",0.026095],["Lentzea",0.019731],["Catenuloplanes",0.017202],["Sphingomonas",0.014219],["Solirubrobacter",0.013562]],"more":380},"3b":{"top":[["Streptomyces",0.065002],["Nocardioides",0.042269],["Chthoniobacter",0.026095],["Lentzea",0.019731],["Catenuloplanes",0.017202],["Sphingomonas",0.014219],["Solirubrobacter",0.013562],["Luteitalea",0.012978]],"more":248},"3c":{"top":[["Streptomyces",0.065002],["Stenotrophomonas",0.009912],["Novosphingobium",0.002149],["Kribbella",0.002149],["Billgrantia",0.001121],["Acinetobacter",0.000899],["Rhodococcus",0.000723],["Georgfuchsia",0.000259]],"more":3},"3d":{"top":[["Streptomyces",0.065002],["Nocardioides",0.042269],["Gaiella",0.036591],["Chthoniobacter",0.026095],["Lentzea",0.019731],["Catenuloplanes",0.017202],["Terrimicrobium",0.014414],["Sphingomonas",0.014219]],"more":377},"4":{"top":[["Hypericibacter",0.006725],["Kallotenue",0.004771],["Labilithrix",0.004697],["Oxobacter",0.002705],["Polyangium",0.002585],["Roseimicrobium",0.002223],["Carboxydocella",0.001714],["Anaerolinea",0.001288]],"more":42},"5":{"top":[["Methylobacterium",0.001575],["Methylophilus",0.000324],["Methylobacillus",0.000195]],"more":0},"6":{"top":[["Geoanaerobacter",0.000519],["Georgfuchsia",0.000259],["Ferrimicrobium",0.000157]],"more":0},"7":{"top":[["Streptomyces",0.065002],["Vicinamibacter",0.049328],["Nocardioides",0.042269],["Brevitalea",0.023177],["Lentzea",0.019731],["Catenuloplanes",0.017202],["Sphingomonas",0.014219],["Solirubrobacter",0.013562]],"more":276},"8":{"top":[["Streptomyces",0.065002],["Pseudomonas",0.009106],["Paenibacillus",0.000861],["Nocardiopsis",0.000148]],"more":0},"9":{"top":[["Nostoc",0.001806],["Methylobacterium",0.001575],["Caldichromatium",0.000769],["Sabulicella",0.000611],["Clostridium",0.000528],["Sulfurivermis",0.0005],["Chloroflexus",0.000454],["Falsiroseomonas",0.000408]],"more":4},"10":{"top":[["Streptomyces",0.065002],["Nocardioides",0.042269],["Gaiella",0.036591],["Lentzea",0.019731],["Catenuloplanes",0.017202],["Solirubrobacter",0.013562],["Luteitalea",0.012978],["Pseudobacillus",0.012885]],"more":336},"12":{"top":[["Skermanella",0.001871],["Microbacterium",0.001343],["Paenibacillus",0.000861],["Flexivirga",0.000185]],"more":0}}