{"1a":{"top":[["Stigonema",0.000286],["Shumkonia",0.000233],["Azospira",0.000233]],"more":0},"1b":{"top":[["Iamia",0.009109],["Nitrosococcus",0.004456],["Rhodoplanes",0.002774],["Nitrospira",0.001485],["Nitrosomonas",0.000698],["Lacipirellula",0.000429],["Nitrososphaera",0.000304],["Stigonema",0.000286]],"more":2},"1c":{"top":[["Skermanella",0.033017],["Mycolicibacterium",0.004349],["Salinarimonas",0.004098],["Cellulomonas",0.004044],["Desertibacter",0.00306],["Alkalilimnicola",0.002971],["Solimonas",0.002953],["Terricaulis",0.002559]],"more":52},"1d":{"top":[["Sphingomonas",0.038923],["Pseudarthrobacter",0.015426],["Streptomyces",0.015408],["Ramlibacter",0.005351],["Patulibacter",0.003919],["Methylobacterium",0.003722],["Devosia",0.003275],["Desertibacter",0.00306]],"more":24},"2":{"top":[["Rubrobacter",0.050018],["Sphingomonas",0.038923],["Skermanella",0.033017],["Microvirga",0.030208],["Vicinamibacter",0.026736],["Gemmatimonas",0.02296],["Tepidisphaera",0.022441],["Massilia",0.021403]],"more":324},"3a":{"top":[["Rubrobacter",0.050018],["Sphingomonas",0.038923],["Skermanella",0.033017],["Microvirga",0.030208],["Gemmatimonas",0.02296],["Massilia",0.021403],["Kallotenue",0.020651],["Gaiella",0.018898]],"more":301},"3b":{"top":[["Rubrobacter",0.050018],["Sphingomonas",0.038923],["Gemmatimonas",0.02296],["Massilia",0.021403],["Kallotenue",0.020651],["Solirubrobacter",0.018754],["Nocardioides",0.015855],["Pseudarthrobacter",0.015426]],"more":191},"3c":{"top":[["Streptomyces",0.015408],["Polycyclovorans",0.000537],["Methyloferula",0.000233],["Alcanivorax",0.000233]],"more":0},"3d":{"top":[["Rubrobacter",0.050018],["Sphingomonas",0.038923],["Skermanella",0.033017],["Microvirga",0.030208],["Gemmatimonas",0.02296],["Massilia",0.021403],["Kallotenue",0.020651],["Gaiella",0.018898]],"more":291},"4":{"top":[["Kallotenue",0.020651],["Desulfogranum",0.006747],["Oxobacter",0.002971],["Polyangium",0.002684],["Labilithrix",0.002309],["Longivirga",0.002255],["Sphingoaurantiacus",0.001986],["Chloroflexus",0.001682]],"more":37},"5":{"top":[["Methylobacterium",0.003722],["Methylocystis",0.000376],["Pseudomethylobacillus",0.00034]],"more":0},"6":{"top":[["Ferrimicrobium",0.000626],["Ferrithrix",0.000179]],"more":0},"7":{"top":[["Sphingomonas",0.038923],["Skermanella",0.033017],["Microvirga",0.030208],["Vicinamibacter",0.026736],["Gemmatimonas",0.02296],["Massilia",0.021403],["Brevitalea",0.020956],["Kallotenue",0.020651]],"more":221},"8":{"top":[["Streptomyces",0.015408],["Paenibacillus",0.002666],["Nocardiopsis",0.000322]],"more":0},"9":{"top":[["Falsiroseomonas",0.005208],["Methylobacterium",0.003722],["Cylindrospermum",0.002165],["Chloroflexus",0.001682],["Caldichromatium",0.000823],["Nostoc",0.00068],["Dankookia",0.000644],["Gloeomargarita",0.000626]],"more":3},"10":{"top":[["Rubrobacter",0.050018],["Skermanella",0.033017],["Gemmatimonas",0.02296],["Massilia",0.021403],["Kallotenue",0.020651],["Gaiella",0.018898],["Solirubrobacter",0.018754],["Nocardioides",0.015855]],"more":251},"12":{"top":[["Skermanella",0.033017],["Paenibacillus",0.002666],["Microbacterium",0.001539],["Flexivirga",0.000251]],"more":0}}