{"1a":{"top":[["Rhodopseudomonas",0.014644]],"more":0},"1b":{"top":[["Nitrososphaera",0.045395],["Nitrosococcus",0.003134],["Rhodoplanes",0.001721],["Lacipirellula",0.001053],["Nitrospira",0.000796],["Iamia",0.000411]],"more":0},"1c":{"top":[["Serratia",0.016468],["Skermanella",0.007964],["Pseudomarimonas",0.005857],["Terribium",0.005369],["Limnoglobus",0.003494],["Salinarimonas",0.002852],["Marimonas",0.00262],["Rhizocola",0.002466]],"more":20},"1d":{"top":[["Thiothrix",0.007707],["Sphingomonas",0.006037],["Streptomyces",0.005446],["Patulibacter",0.003571],["Paenibacillus",0.002775],["Flavobacterium",0.002672],["Reyranella",0.002389],["Pseudoclavibacter",0.002158]],"more":10},"2":{"top":[["Chthoniobacter",0.102171],["Tepidisphaera",0.093719],["Luteitalea",0.061503],["Gaiella",0.049351],["Vicinamibacter",0.045446],["Geobacter",0.039615],["Gemmata",0.016802],["Serratia",0.016468]],"more":183},"3a":{"top":[["Chthoniobacter",0.102171],["Luteitalea",0.061503],["Gaiella",0.049351],["Nitrososphaera",0.045395],["Geobacter",0.039615],["Gemmata",0.016802],["Serratia",0.016468],["Gemmatimonas",0.015954]],"more":164},"3b":{"top":[["Chthoniobacter",0.102171],["Luteitalea",0.061503],["Gemmata",0.016802],["Serratia",0.016468],["Gemmatimonas",0.015954],["Singulisphaera",0.013642],["Tautonia",0.011741],["Nocardioides",0.011689]],"more":107},"3c":{"top":[["Streptomyces",0.005446],["Methylococcus",0.001285],["Acinetobacter",0.000694],["Immundisolibacter",0.000334]],"more":0},"3d":{"top":[["Chthoniobacter",0.102171],["Luteitalea",0.061503],["Gaiella",0.049351],["Gemmata",0.016802],["Serratia",0.016468],["Gemmatimonas",0.015954],["Rhodopseudomonas",0.014644],["Roseiflexus",0.013976]],"more":166},"4":{"top":[["Geobacter",0.039615],["Tautonia",0.011741],["Aeoliella",0.008555],["Aquisphaera",0.008144],["Kallotenue",0.007964],["Urbifossiella",0.006731],["Anderseniella",0.005061],["Dethiosulfatarculus",0.004701]],"more":19},"5":{"top":[["Lichenicoccus",0.001952]],"more":0},"6":{"top":[["Anaeromicrobium",0.000334]],"more":0},"7":{"top":[["Luteitalea",0.061503],["Vicinamibacter",0.045446],["Serratia",0.016468],["Gemmatimonas",0.015954],["Rhodopseudomonas",0.014644],["Tautonia",0.011741],["Nocardioides",0.011689],["Parviterribacter",0.009377]],"more":110},"8":{"top":[["Streptomyces",0.005446],["Paenibacillus",0.002775]],"more":0},"9":{"top":[["Rhodopseudomonas",0.014644],["Falsiroseomonas",0.002081],["Lichenicoccus",0.001952],["Dankookia",0.000591],["Caldichromatium",0.000257]],"more":0},"10":{"top":[["Luteitalea",0.061503],["Gaiella",0.049351],["Nitrososphaera",0.045395],["Geobacter",0.039615],["Gemmata",0.016802],["Serratia",0.016468],["Gemmatimonas",0.015954],["Rhodopseudomonas",0.014644]],"more":141},"12":{"top":[["Skermanella",0.007964],["Paenibacillus",0.002775]],"more":0}}