{"1a":{"top":[["Shumkonia",0.012692]],"more":0},"1b":{"top":[["Nitrososphaera",0.031748],["Shumkonia",0.012692],["Rhodoplanes",0.011735],["Nitrospira",0.004819],["Lacipirellula",0.001766],["Nitrosococcus",0.00092],["Iamia",0.000552]],"more":0},"1c":{"top":[["Shumkonia",0.012692],["Nitrobacter",0.012508],["Caldimonas",0.012508],["Skermanella",0.008682],["Sulfuritortus",0.006806],["Cellulomonas",0.002318],["Bartonella",0.002244],["Baekduia",0.001987]],"more":18},"1d":{"top":[["Sphingomonas",0.097083],["Streptomyces",0.034544],["Ramlibacter",0.013133],["Caldimonas",0.012508],["Paractinoplanes",0.012177],["Azospirillum",0.009602],["Glaciimonas",0.009528],["Paenibacillus",0.008903]],"more":14},"2":{"top":[["Sphingomonas",0.097083],["Gemmatimonas",0.070853],["Streptomyces",0.034544],["Tepidisphaera",0.028658],["Paludibaculum",0.025384],["Edaphobacter",0.021631],["Luteitalea",0.016481],["Actinomadura",0.015561]],"more":203},"3a":{"top":[["Sphingomonas",0.097083],["Gemmatimonas",0.070853],["Streptomyces",0.034544],["Nitrososphaera",0.031748],["Edaphobacter",0.021631],["Luteitalea",0.016481],["Actinomadura",0.015561],["Flavisolibacter",0.014825]],"more":191},"3b":{"top":[["Sphingomonas",0.097083],["Gemmatimonas",0.070853],["Streptomyces",0.034544],["Luteitalea",0.016481],["Actinomadura",0.015561],["Flavisolibacter",0.014825],["Massilia",0.013133],["Ramlibacter",0.013133]],"more":118},"3c":{"top":[["Streptomyces",0.034544],["Kribbella",0.002465],["Pseudoalteromonas",0.001692],["Cupriavidus",0.000883],["Polycyclovorans",0.000662],["Gordonia",0.000625],["Vreelandella",0.000368]],"more":0},"3d":{"top":[["Sphingomonas",0.097083],["Gemmatimonas",0.070853],["Streptomyces",0.034544],["Paludibaculum",0.025384],["Edaphobacter",0.021631],["Luteitalea",0.016481],["Actinomadura",0.015561],["Flavisolibacter",0.014825]],"more":188},"4":{"top":[["Shumkonia",0.012692],["Geoanaerobacter",0.010668],["Paracidobacterium",0.008755],["Sulfuritortus",0.006806],["Tautonia",0.004598],["Aquisphaera",0.002759],["Kallotenue",0.002722],["Aminicella",0.002722]],"more":18},"5":{"top":[["Methylobacterium",0.003164],["Lichenicoccus",0.002759]],"more":0},"6":{"top":[["Geoanaerobacter",0.010668]],"more":0},"7":{"top":[["Sphingomonas",0.097083],["Gemmatimonas",0.070853],["Streptomyces",0.034544],["Paludibaculum",0.025384],["Luteitalea",0.016481],["Actinomadura",0.015561],["Flavisolibacter",0.014825],["Massilia",0.013133]],"more":137},"8":{"top":[["Streptomyces",0.034544],["Paenibacillus",0.008903]],"more":0},"9":{"top":[["Methylobacterium",0.003164],["Lichenicoccus",0.002759],["Falsiroseomonas",0.002538],["Sabulicella",0.000883],["Fischerella",0.000625]],"more":0},"10":{"top":[["Gemmatimonas",0.070853],["Streptomyces",0.034544],["Nitrososphaera",0.031748],["Paludibaculum",0.025384],["Edaphobacter",0.021631],["Luteitalea",0.016481],["Actinomadura",0.015561],["Flavisolibacter",0.014825]],"more":161},"12":{"top":[["Paenibacillus",0.008903],["Skermanella",0.008682]],"more":0}}