{"1a":{"top":[["Rhodopseudomonas",0.005119],["Shumkonia",0.000216]],"more":0},"1b":{"top":[["Nitrososphaera",0.020807],["Nitrospira",0.001184],["Rhodoplanes",0.001082],["Iamia",0.000904],["Lacipirellula",0.000344],["Shumkonia",0.000216],["Nitrosococcus",0.000216]],"more":0},"1c":{"top":[["Mesobacillus",0.039296],["Skermanella",0.029287],["Zemynaea",0.024347],["Cellulomonas",0.019839],["Bacillus",0.005603],["Tenuibacillus",0.004037],["Tianweitania",0.003273],["Caldimonas",0.003273]],"more":33},"1d":{"top":[["Streptomyces",0.038672],["Paenibacillus",0.033197],["Pseudarthrobacter",0.018107],["Devosia",0.014542],["Paractinoplanes",0.012403],["Sphingomonas",0.012352],["Nesterenkonia",0.009563],["Bacillus",0.005603]],"more":32},"2":{"top":[["Mesobacillus",0.039296],["Streptomyces",0.038672],["Paenibacillus",0.033197],["Skermanella",0.029287],["Nocardioides",0.028944],["Zemynaea",0.024347],["Cellulomonas",0.019839],["Arthrobacter",0.019228]],"more":342},"3a":{"top":[["Mesobacillus",0.039296],["Streptomyces",0.038672],["Paenibacillus",0.033197],["Skermanella",0.029287],["Nocardioides",0.028944],["Zemynaea",0.024347],["Nitrososphaera",0.020807],["Cellulomonas",0.019839]],"more":314},"3b":{"top":[["Mesobacillus",0.039296],["Streptomyces",0.038672],["Paenibacillus",0.033197],["Nocardioides",0.028944],["Zemynaea",0.024347],["Cellulomonas",0.019839],["Arthrobacter",0.019228],["Blastococcus",0.018336]],"more":220},"3c":{"top":[["Streptomyces",0.038672],["Kribbella",0.003871],["Rhodococcoides",0.001401],["Delftia",0.000509],["Pseudoalteromonas",0.000446],["Cupriavidus",0.000229]],"more":0},"3d":{"top":[["Streptomyces",0.038672],["Paenibacillus",0.033197],["Skermanella",0.029287],["Nocardioides",0.028944],["Zemynaea",0.024347],["Cellulomonas",0.019839],["Arthrobacter",0.019228],["Blastococcus",0.018336]],"more":300},"4":{"top":[["Tenuibacillus",0.004037],["Tumebacillus",0.003082],["Kallotenue",0.001681],["Geoanaerobacter",0.001133],["Tautonia",0.000853],["Cystobacter",0.000828],["Paracidobacterium",0.000802],["Catellatospora",0.000726]],"more":22},"5":{"top":[["Methylobacterium",0.004482],["Lichenicoccus",0.000611]],"more":0},"6":{"top":[["Geoanaerobacter",0.001133]],"more":0},"7":{"top":[["Mesobacillus",0.039296],["Streptomyces",0.038672],["Paenibacillus",0.033197],["Skermanella",0.029287],["Nocardioides",0.028944],["Zemynaea",0.024347],["Cellulomonas",0.019839],["Arthrobacter",0.019228]],"more":241},"8":{"top":[["Streptomyces",0.038672],["Paenibacillus",0.033197],["Nocardiopsis",0.000637]],"more":0},"9":{"top":[["Rhodopseudomonas",0.005119],["Methylobacterium",0.004482],["Dankookia",0.001821],["Nostoc",0.001324],["Falsiroseomonas",0.000828],["Cystobacter",0.000828],["Lichenicoccus",0.000611],["Caldichromatium",0.00056]],"more":3},"10":{"top":[["Mesobacillus",0.039296],["Streptomyces",0.038672],["Paenibacillus",0.033197],["Skermanella",0.029287],["Nocardioides",0.028944],["Zemynaea",0.024347],["Nitrososphaera",0.020807],["Cellulomonas",0.019839]],"more":288},"12":{"top":[["Paenibacillus",0.033197],["Skermanella",0.029287],["Microbacterium",0.015573],["Staphylococcus",0.001681],["Granulicella",0.000306],["Flexivirga",0.000191]],"more":0}}