{"1a":{"top":[["Shumkonia",0.017879]],"more":0},"1b":{"top":[["Nitrososphaera",0.032959],["Shumkonia",0.017879],["Nitrospira",0.003097],["Rhodoplanes",0.002535],["Iamia",0.001444],["Lacipirellula",0.000683],["Nitrosomonas",0.000628],["Nitrosococcus",0.000518]],"more":0},"1c":{"top":[["Mesobacillus",0.037897],["Shumkonia",0.017879],["Skermanella",0.013834],["Cellulomonas",0.010792],["Bacillus",0.006261],["Tenuibacillus",0.004608],["Chengkuizengella",0.003825],["Terricaulis",0.00356]],"more":54},"1d":{"top":[["Streptomyces",0.047068],["Paenibacillus",0.039529],["Sphingomonas",0.017681],["Pseudarthrobacter",0.014595],["Paractinoplanes",0.010384],["Bacillus",0.006261],["Glaciimonas",0.00593],["Herminiimonas",0.003153]],"more":37},"2":{"top":[["Streptomyces",0.047068],["Paenibacillus",0.039529],["Mesobacillus",0.037897],["Ammoniphilus",0.031151],["Nocardioides",0.026687],["Shumkonia",0.017879],["Sphingomonas",0.017681],["Gemmatimonas",0.017075]],"more":384},"3a":{"top":[["Streptomyces",0.047068],["Paenibacillus",0.039529],["Mesobacillus",0.037897],["Nitrososphaera",0.032959],["Ammoniphilus",0.031151],["Nocardioides",0.026687],["Shumkonia",0.017879],["Sphingomonas",0.017681]],"more":353},"3b":{"top":[["Streptomyces",0.047068],["Paenibacillus",0.039529],["Mesobacillus",0.037897],["Ammoniphilus",0.031151],["Nocardioides",0.026687],["Sphingomonas",0.017681],["Gemmatimonas",0.017075],["Anoxybacillus",0.016435]],"more":235},"3c":{"top":[["Streptomyces",0.047068],["Kribbella",0.003075],["Delftia",0.002227],["Rhodococcoides",0.001168],["Pseudoalteromonas",0.001036],["Alcanivorax",0.000739],["Cupriavidus",0.000419],["Halomonas",0.00022]],"more":0},"3d":{"top":[["Streptomyces",0.047068],["Paenibacillus",0.039529],["Ammoniphilus",0.031151],["Nocardioides",0.026687],["Shumkonia",0.017879],["Sphingomonas",0.017681],["Gemmatimonas",0.017075],["Gaiella",0.016667]],"more":332},"4":{"top":[["Shumkonia",0.017879],["Tumebacillus",0.010207],["Tenuibacillus",0.004608],["Paracidobacterium",0.0042],["Sulfuritortus",0.002337],["Acidihalobacter",0.001819],["Kallotenue",0.001698],["Tautonia",0.001466]],"more":32},"5":{"top":[["Methylobacterium",0.002557],["Methylocystis",0.000353]],"more":0},"6":{"top":[["Geoanaerobacter",0.00108],["Ferrimicrobium",0.000231],["Tepidibacillus",0.000132]],"more":0},"7":{"top":[["Streptomyces",0.047068],["Paenibacillus",0.039529],["Mesobacillus",0.037897],["Ammoniphilus",0.031151],["Nocardioides",0.026687],["Shumkonia",0.017879],["Sphingomonas",0.017681],["Gemmatimonas",0.017075]],"more":257},"8":{"top":[["Streptomyces",0.047068],["Paenibacillus",0.039529],["Nocardiopsis",0.001102]],"more":0},"9":{"top":[["Methylobacterium",0.002557],["Falsiroseomonas",0.00172],["Caldichromatium",0.001246],["Clostridium",0.000992],["Dankookia",0.000474],["Sabulicella",0.000342],["Acanthopleuribacter",0.000276],["Chloroflexus",0.000176]],"more":0},"10":{"top":[["Streptomyces",0.047068],["Paenibacillus",0.039529],["Mesobacillus",0.037897],["Nitrososphaera",0.032959],["Ammoniphilus",0.031151],["Nocardioides",0.026687],["Pseudoneobacillus",0.025342],["Shumkonia",0.017879]],"more":320},"12":{"top":[["Paenibacillus",0.039529],["Skermanella",0.013834],["Microbacterium",0.005776],["Staphylococcus",0.001863],["Flexivirga",0.000265]],"more":0}}